subject_id,session_id,epoch_idx,label_name,label_idx,n_channels,n_samples,fs,path_h5
11,S001,0,cibo,84,61,384,256,/Users/dani/Documents/Thesis_ImaSpe/Daniele_IS_Thesis/data/processed/11_S001.h5
11,S001,1,aprire,20,61,384,256,/Users/dani/Documents/Thesis_ImaSpe/Daniele_IS_Thesis/data/processed/11_S001.h5
11,S001,2,mettere,13,61,384,256,/Users/dani/Documents/Thesis_ImaSpe/Daniele_IS_Thesis/data/processed/11_S001.h5
11,S001,3,nuovo,72,61,384,256,/Users/dani/Documents/Thesis_ImaSpe/Daniele_IS_Thesis/data/processed/11_S001.h5
11,S001,4,bello,67,61,384,256,/Users/dani/Documents/Thesis_ImaSpe/Daniele_IS_Thesis/data/processed/11_S001.h5
11,S001,5,buono,66,61,384,256,/Users/dani/Documents/Thesis_ImaSpe/Daniele_IS_Thesis/data/processed/11_S001.h5
11,S001,6,bagno,107,61,384,256,/Users/dani/Documents/Thesis_ImaSpe/Daniele_IS_Thesis/data/processed/11_S001.h5
11,S001,7,arrivare,0,61,384,256,/Users/dani/Documents/Thesis_ImaSpe/Daniele_IS_Thesis/data/processed/11_S001.h5
11,S001,8,io,57,61,384,256,/Users/dani/Documents/Thesis_ImaSpe/Daniele_IS_Thesis/data/processed/11_S001.h5
11,S001,9,paura,99,61,384,256,/Users/dani/Documents/Thesis_ImaSpe/Daniele_IS_Thesis/data/processed/11_S001.h5
11,S001,10,mangiare,22,61,384,256,/Users/dani/Documents/Thesis_ImaSpe/Daniele_IS_Thesis/data/processed/11_S001.h5
11,S001,11,amore,105,61,384,256,/Users/dani/Documents/Thesis_ImaSpe/Daniele_IS_Thesis/data/processed/11_S001.h5
11,S001,12,voi,61,61,384,256,/Users/dani/Documents/Thesis_ImaSpe/Daniele_IS_Thesis/data/processed/11_S001.h5
11,S001,13,indietro,42,61,384,256,/Users/dani/Documents/Thesis_ImaSpe/Daniele_IS_Thesis/data/processed/11_S001.h5
11,S001,14,come,50,61,384,256,/Users/dani/Documents/Thesis_ImaSpe/Daniele_IS_Thesis/data/processed/11_S001.h5
11,S001,15,dare,8,61,384,256,/Users/dani/Documents/Thesis_ImaSpe/Daniele_IS_Thesis/data/processed/11_S001.h5
11,S001,16,oggi,43,61,384,256,/Users/dani/Documents/Thesis_ImaSpe/Daniele_IS_Thesis/data/processed/11_S001.h5
11,S001,17,oppure,56,61,384,256,/Users/dani/Documents/Thesis_ImaSpe/Daniele_IS_Thesis/data/processed/11_S001.h5
11,S001,18,molto,32,61,384,256,/Users/dani/Documents/Thesis_ImaSpe/Daniele_IS_Thesis/data/processed/11_S001.h5
11,S001,19,brutto,69,61,384,256,/Users/dani/Documents/Thesis_ImaSpe/Daniele_IS_Thesis/data/processed/11_S001.h5
11,S001,20,serenità,104,61,384,256,/Users/dani/Documents/Thesis_ImaSpe/Daniele_IS_Thesis/data/processed/11_S001.h5
11,S001,21,capire,4,61,384,256,/Users/dani/Documents/Thesis_ImaSpe/Daniele_IS_Thesis/data/processed/11_S001.h5
11,S001,22,no,29,61,384,256,/Users/dani/Documents/Thesis_ImaSpe/Daniele_IS_Thesis/data/processed/11_S001.h5
11,S001,23,gruppo,88,61,384,256,/Users/dani/Documents/Thesis_ImaSpe/Daniele_IS_Thesis/data/processed/11_S001.h5
11,S001,24,male,36,61,384,256,/Users/dani/Documents/Thesis_ImaSpe/Daniele_IS_Thesis/data/processed/11_S001.h5
11,S001,25,lui,58,61,384,256,/Users/dani/Documents/Thesis_ImaSpe/Daniele_IS_Thesis/data/processed/11_S001.h5
11,S001,26,avanti,41,61,384,256,/Users/dani/Documents/Thesis_ImaSpe/Daniele_IS_Thesis/data/processed/11_S001.h5
11,S001,27,conoscere,7,61,384,256,/Users/dani/Documents/Thesis_ImaSpe/Daniele_IS_Thesis/data/processed/11_S001.h5
11,S001,28,dove,54,61,384,256,/Users/dani/Documents/Thesis_ImaSpe/Daniele_IS_Thesis/data/processed/11_S001.h5
11,S001,29,perchè,48,61,384,256,/Users/dani/Documents/Thesis_ImaSpe/Daniele_IS_Thesis/data/processed/11_S001.h5
11,S001,30,se,55,61,384,256,/Users/dani/Documents/Thesis_ImaSpe/Daniele_IS_Thesis/data/processed/11_S001.h5
11,S001,31,idea,90,61,384,256,/Users/dani/Documents/Thesis_ImaSpe/Daniele_IS_Thesis/data/processed/11_S001.h5
11,S001,32,telefono,94,61,384,256,/Users/dani/Documents/Thesis_ImaSpe/Daniele_IS_Thesis/data/processed/11_S001.h5
11,S001,33,anche,49,61,384,256,/Users/dani/Documents/Thesis_ImaSpe/Daniele_IS_Thesis/data/processed/11_S001.h5
11,S001,34,ieri,45,61,384,256,/Users/dani/Documents/Thesis_ImaSpe/Daniele_IS_Thesis/data/processed/11_S001.h5
11,S001,35,vecchio,73,61,384,256,/Users/dani/Documents/Thesis_ImaSpe/Daniele_IS_Thesis/data/processed/11_S001.h5
11,S001,36,ansia,100,61,384,256,/Users/dani/Documents/Thesis_ImaSpe/Daniele_IS_Thesis/data/processed/11_S001.h5
11,S001,37,grande,70,61,384,256,/Users/dani/Documents/Thesis_ImaSpe/Daniele_IS_Thesis/data/processed/11_S001.h5
11,S001,38,destra,39,61,384,256,/Users/dani/Documents/Thesis_ImaSpe/Daniele_IS_Thesis/data/processed/11_S001.h5
11,S001,39,aiuto,79,61,384,256,/Users/dani/Documents/Thesis_ImaSpe/Daniele_IS_Thesis/data/processed/11_S001.h5
11,S001,40,adesso,34,61,384,256,/Users/dani/Documents/Thesis_ImaSpe/Daniele_IS_Thesis/data/processed/11_S001.h5
11,S001,41,aspettare,2,61,384,256,/Users/dani/Documents/Thesis_ImaSpe/Daniele_IS_Thesis/data/processed/11_S001.h5
11,S001,42,volere,26,61,384,256,/Users/dani/Documents/Thesis_ImaSpe/Daniele_IS_Thesis/data/processed/11_S001.h5
11,S001,43,loro,62,61,384,256,/Users/dani/Documents/Thesis_ImaSpe/Daniele_IS_Thesis/data/processed/11_S001.h5
11,S001,44,uno,97,61,384,256,/Users/dani/Documents/Thesis_ImaSpe/Daniele_IS_Thesis/data/processed/11_S001.h5
11,S001,45,casa,77,61,384,256,/Users/dani/Documents/Thesis_ImaSpe/Daniele_IS_Thesis/data/processed/11_S001.h5
11,S001,46,essere,11,61,384,256,/Users/dani/Documents/Thesis_ImaSpe/Daniele_IS_Thesis/data/processed/11_S001.h5
11,S001,47,chiedere,6,61,384,256,/Users/dani/Documents/Thesis_ImaSpe/Daniele_IS_Thesis/data/processed/11_S001.h5
11,S001,48,anno,76,61,384,256,/Users/dani/Documents/Thesis_ImaSpe/Daniele_IS_Thesis/data/processed/11_S001.h5
11,S001,49,andare,1,61,384,256,/Users/dani/Documents/Thesis_ImaSpe/Daniele_IS_Thesis/data/processed/11_S001.h5
11,S001,50,cattivo,68,61,384,256,/Users/dani/Documents/Thesis_ImaSpe/Daniele_IS_Thesis/data/processed/11_S001.h5
11,S001,51,parte,75,61,384,256,/Users/dani/Documents/Thesis_ImaSpe/Daniele_IS_Thesis/data/processed/11_S001.h5
11,S001,52,più,30,61,384,256,/Users/dani/Documents/Thesis_ImaSpe/Daniele_IS_Thesis/data/processed/11_S001.h5
11,S001,53,macchina,91,61,384,256,/Users/dani/Documents/Thesis_ImaSpe/Daniele_IS_Thesis/data/processed/11_S001.h5
11,S001,54,dire,9,61,384,256,/Users/dani/Documents/Thesis_ImaSpe/Daniele_IS_Thesis/data/processed/11_S001.h5
11,S001,55,lavoro,81,61,384,256,/Users/dani/Documents/Thesis_ImaSpe/Daniele_IS_Thesis/data/processed/11_S001.h5
11,S001,56,tempo,80,61,384,256,/Users/dani/Documents/Thesis_ImaSpe/Daniele_IS_Thesis/data/processed/11_S001.h5
11,S001,57,lei,59,61,384,256,/Users/dani/Documents/Thesis_ImaSpe/Daniele_IS_Thesis/data/processed/11_S001.h5
11,S001,58,cosa,74,61,384,256,/Users/dani/Documents/Thesis_ImaSpe/Daniele_IS_Thesis/data/processed/11_S001.h5
11,S001,59,tu,63,61,384,256,/Users/dani/Documents/Thesis_ImaSpe/Daniele_IS_Thesis/data/processed/11_S001.h5
11,S001,60,gioia,101,61,384,256,/Users/dani/Documents/Thesis_ImaSpe/Daniele_IS_Thesis/data/processed/11_S001.h5
11,S001,61,accendere,24,61,384,256,/Users/dani/Documents/Thesis_ImaSpe/Daniele_IS_Thesis/data/processed/11_S001.h5
11,S001,62,sinistra,40,61,384,256,/Users/dani/Documents/Thesis_ImaSpe/Daniele_IS_Thesis/data/processed/11_S001.h5
11,S001,63,morte,106,61,384,256,/Users/dani/Documents/Thesis_ImaSpe/Daniele_IS_Thesis/data/processed/11_S001.h5
11,S001,64,venire,19,61,384,256,/Users/dani/Documents/Thesis_ImaSpe/Daniele_IS_Thesis/data/processed/11_S001.h5
11,S001,65,però,51,61,384,256,/Users/dani/Documents/Thesis_ImaSpe/Daniele_IS_Thesis/data/processed/11_S001.h5
11,S001,66,computer,95,61,384,256,/Users/dani/Documents/Thesis_ImaSpe/Daniele_IS_Thesis/data/processed/11_S001.h5
11,S001,67,persona,82,61,384,256,/Users/dani/Documents/Thesis_ImaSpe/Daniele_IS_Thesis/data/processed/11_S001.h5
11,S001,68,questo,64,61,384,256,/Users/dani/Documents/Thesis_ImaSpe/Daniele_IS_Thesis/data/processed/11_S001.h5
11,S001,69,acqua,83,61,384,256,/Users/dani/Documents/Thesis_ImaSpe/Daniele_IS_Thesis/data/processed/11_S001.h5
11,S001,70,riposo,109,61,384,256,/Users/dani/Documents/Thesis_ImaSpe/Daniele_IS_Thesis/data/processed/11_S001.h5
11,S001,71,sentire,17,61,384,256,/Users/dani/Documents/Thesis_ImaSpe/Daniele_IS_Thesis/data/processed/11_S001.h5
11,S001,72,bene,27,61,384,256,/Users/dani/Documents/Thesis_ImaSpe/Daniele_IS_Thesis/data/processed/11_S001.h5
11,S001,73,potere,14,61,384,256,/Users/dani/Documents/Thesis_ImaSpe/Daniele_IS_Thesis/data/processed/11_S001.h5
11,S001,74,quando,53,61,384,256,/Users/dani/Documents/Thesis_ImaSpe/Daniele_IS_Thesis/data/processed/11_S001.h5
11,S001,75,prendere,15,61,384,256,/Users/dani/Documents/Thesis_ImaSpe/Daniele_IS_Thesis/data/processed/11_S001.h5
11,S001,76,avere,3,61,384,256,/Users/dani/Documents/Thesis_ImaSpe/Daniele_IS_Thesis/data/processed/11_S001.h5
11,S001,77,sempre,33,61,384,256,/Users/dani/Documents/Thesis_ImaSpe/Daniele_IS_Thesis/data/processed/11_S001.h5
11,S001,78,trovare,18,61,384,256,/Users/dani/Documents/Thesis_ImaSpe/Daniele_IS_Thesis/data/processed/11_S001.h5
11,S001,79,dolore,108,61,384,256,/Users/dani/Documents/Thesis_ImaSpe/Daniele_IS_Thesis/data/processed/11_S001.h5
11,S001,80,spegnere,25,61,384,256,/Users/dani/Documents/Thesis_ImaSpe/Daniele_IS_Thesis/data/processed/11_S001.h5
11,S001,81,piccolo,71,61,384,256,/Users/dani/Documents/Thesis_ImaSpe/Daniele_IS_Thesis/data/processed/11_S001.h5
11,S001,82,problema,78,61,384,256,/Users/dani/Documents/Thesis_ImaSpe/Daniele_IS_Thesis/data/processed/11_S001.h5
11,S001,83,dovere,10,61,384,256,/Users/dani/Documents/Thesis_ImaSpe/Daniele_IS_Thesis/data/processed/11_S001.h5
11,S001,84,domanda,96,61,384,256,/Users/dani/Documents/Thesis_ImaSpe/Daniele_IS_Thesis/data/processed/11_S001.h5
11,S001,85,tristezza,103,61,384,256,/Users/dani/Documents/Thesis_ImaSpe/Daniele_IS_Thesis/data/processed/11_S001.h5
11,S001,86,donna,86,61,384,256,/Users/dani/Documents/Thesis_ImaSpe/Daniele_IS_Thesis/data/processed/11_S001.h5
11,S001,87,uomo,87,61,384,256,/Users/dani/Documents/Thesis_ImaSpe/Daniele_IS_Thesis/data/processed/11_S001.h5
11,S001,88,quindi,52,61,384,256,/Users/dani/Documents/Thesis_ImaSpe/Daniele_IS_Thesis/data/processed/11_S001.h5
11,S001,89,oggetto,93,61,384,256,/Users/dani/Documents/Thesis_ImaSpe/Daniele_IS_Thesis/data/processed/11_S001.h5
11,S001,90,bisogno,85,61,384,256,/Users/dani/Documents/Thesis_ImaSpe/Daniele_IS_Thesis/data/processed/11_S001.h5
11,S001,91,si,28,61,384,256,/Users/dani/Documents/Thesis_ImaSpe/Daniele_IS_Thesis/data/processed/11_S001.h5
11,S001,92,forse,46,61,384,256,/Users/dani/Documents/Thesis_ImaSpe/Daniele_IS_Thesis/data/processed/11_S001.h5
11,S001,93,bere,23,61,384,256,/Users/dani/Documents/Thesis_ImaSpe/Daniele_IS_Thesis/data/processed/11_S001.h5
11,S001,94,mille,98,61,384,256,/Users/dani/Documents/Thesis_ImaSpe/Daniele_IS_Thesis/data/processed/11_S001.h5
11,S001,95,mano,92,61,384,256,/Users/dani/Documents/Thesis_ImaSpe/Daniele_IS_Thesis/data/processed/11_S001.h5
11,S001,96,chiamare,5,61,384,256,/Users/dani/Documents/Thesis_ImaSpe/Daniele_IS_Thesis/data/processed/11_S001.h5
11,S001,97,domani,44,61,384,256,/Users/dani/Documents/Thesis_ImaSpe/Daniele_IS_Thesis/data/processed/11_S001.h5
11,S001,98,sopra,37,61,384,256,/Users/dani/Documents/Thesis_ImaSpe/Daniele_IS_Thesis/data/processed/11_S001.h5
11,S001,99,chiudere,21,61,384,256,/Users/dani/Documents/Thesis_ImaSpe/Daniele_IS_Thesis/data/processed/11_S001.h5
11,S001,100,sapere,16,61,384,256,/Users/dani/Documents/Thesis_ImaSpe/Daniele_IS_Thesis/data/processed/11_S001.h5
11,S001,101,poi,35,61,384,256,/Users/dani/Documents/Thesis_ImaSpe/Daniele_IS_Thesis/data/processed/11_S001.h5
11,S001,102,poco,31,61,384,256,/Users/dani/Documents/Thesis_ImaSpe/Daniele_IS_Thesis/data/processed/11_S001.h5
11,S001,103,fare,12,61,384,256,/Users/dani/Documents/Thesis_ImaSpe/Daniele_IS_Thesis/data/processed/11_S001.h5
11,S001,104,sotto,38,61,384,256,/Users/dani/Documents/Thesis_ImaSpe/Daniele_IS_Thesis/data/processed/11_S001.h5
11,S001,105,felicità,102,61,384,256,/Users/dani/Documents/Thesis_ImaSpe/Daniele_IS_Thesis/data/processed/11_S001.h5
11,S001,106,guerra,89,61,384,256,/Users/dani/Documents/Thesis_ImaSpe/Daniele_IS_Thesis/data/processed/11_S001.h5
11,S001,107,quello,65,61,384,256,/Users/dani/Documents/Thesis_ImaSpe/Daniele_IS_Thesis/data/processed/11_S001.h5
11,S001,108,noi,60,61,384,256,/Users/dani/Documents/Thesis_ImaSpe/Daniele_IS_Thesis/data/processed/11_S001.h5
11,S001,109,prima,47,61,384,256,/Users/dani/Documents/Thesis_ImaSpe/Daniele_IS_Thesis/data/processed/11_S001.h5
11,S001,110,cibo,84,61,384,256,/Users/dani/Documents/Thesis_ImaSpe/Daniele_IS_Thesis/data/processed/11_S001.h5
11,S001,111,aprire,20,61,384,256,/Users/dani/Documents/Thesis_ImaSpe/Daniele_IS_Thesis/data/processed/11_S001.h5
11,S001,112,mettere,13,61,384,256,/Users/dani/Documents/Thesis_ImaSpe/Daniele_IS_Thesis/data/processed/11_S001.h5
11,S001,113,nuovo,72,61,384,256,/Users/dani/Documents/Thesis_ImaSpe/Daniele_IS_Thesis/data/processed/11_S001.h5
11,S001,114,bello,67,61,384,256,/Users/dani/Documents/Thesis_ImaSpe/Daniele_IS_Thesis/data/processed/11_S001.h5
11,S001,115,buono,66,61,384,256,/Users/dani/Documents/Thesis_ImaSpe/Daniele_IS_Thesis/data/processed/11_S001.h5
11,S001,116,bagno,107,61,384,256,/Users/dani/Documents/Thesis_ImaSpe/Daniele_IS_Thesis/data/processed/11_S001.h5
11,S001,117,arrivare,0,61,384,256,/Users/dani/Documents/Thesis_ImaSpe/Daniele_IS_Thesis/data/processed/11_S001.h5
11,S001,118,io,57,61,384,256,/Users/dani/Documents/Thesis_ImaSpe/Daniele_IS_Thesis/data/processed/11_S001.h5
11,S001,119,paura,99,61,384,256,/Users/dani/Documents/Thesis_ImaSpe/Daniele_IS_Thesis/data/processed/11_S001.h5
11,S001,120,mangiare,22,61,384,256,/Users/dani/Documents/Thesis_ImaSpe/Daniele_IS_Thesis/data/processed/11_S001.h5
11,S001,121,amore,105,61,384,256,/Users/dani/Documents/Thesis_ImaSpe/Daniele_IS_Thesis/data/processed/11_S001.h5
11,S001,122,voi,61,61,384,256,/Users/dani/Documents/Thesis_ImaSpe/Daniele_IS_Thesis/data/processed/11_S001.h5
11,S001,123,indietro,42,61,384,256,/Users/dani/Documents/Thesis_ImaSpe/Daniele_IS_Thesis/data/processed/11_S001.h5
11,S001,124,come,50,61,384,256,/Users/dani/Documents/Thesis_ImaSpe/Daniele_IS_Thesis/data/processed/11_S001.h5
11,S001,125,dare,8,61,384,256,/Users/dani/Documents/Thesis_ImaSpe/Daniele_IS_Thesis/data/processed/11_S001.h5
11,S001,126,oggi,43,61,384,256,/Users/dani/Documents/Thesis_ImaSpe/Daniele_IS_Thesis/data/processed/11_S001.h5
11,S001,127,oppure,56,61,384,256,/Users/dani/Documents/Thesis_ImaSpe/Daniele_IS_Thesis/data/processed/11_S001.h5
11,S001,128,molto,32,61,384,256,/Users/dani/Documents/Thesis_ImaSpe/Daniele_IS_Thesis/data/processed/11_S001.h5
11,S001,129,brutto,69,61,384,256,/Users/dani/Documents/Thesis_ImaSpe/Daniele_IS_Thesis/data/processed/11_S001.h5
11,S001,130,serenità,104,61,384,256,/Users/dani/Documents/Thesis_ImaSpe/Daniele_IS_Thesis/data/processed/11_S001.h5
11,S001,131,capire,4,61,384,256,/Users/dani/Documents/Thesis_ImaSpe/Daniele_IS_Thesis/data/processed/11_S001.h5
11,S001,132,no,29,61,384,256,/Users/dani/Documents/Thesis_ImaSpe/Daniele_IS_Thesis/data/processed/11_S001.h5
11,S001,133,gruppo,88,61,384,256,/Users/dani/Documents/Thesis_ImaSpe/Daniele_IS_Thesis/data/processed/11_S001.h5
11,S001,134,male,36,61,384,256,/Users/dani/Documents/Thesis_ImaSpe/Daniele_IS_Thesis/data/processed/11_S001.h5
11,S001,135,lui,58,61,384,256,/Users/dani/Documents/Thesis_ImaSpe/Daniele_IS_Thesis/data/processed/11_S001.h5
11,S001,136,avanti,41,61,384,256,/Users/dani/Documents/Thesis_ImaSpe/Daniele_IS_Thesis/data/processed/11_S001.h5
11,S001,137,conoscere,7,61,384,256,/Users/dani/Documents/Thesis_ImaSpe/Daniele_IS_Thesis/data/processed/11_S001.h5
11,S001,138,dove,54,61,384,256,/Users/dani/Documents/Thesis_ImaSpe/Daniele_IS_Thesis/data/processed/11_S001.h5
11,S001,139,perchè,48,61,384,256,/Users/dani/Documents/Thesis_ImaSpe/Daniele_IS_Thesis/data/processed/11_S001.h5
11,S001,140,se,55,61,384,256,/Users/dani/Documents/Thesis_ImaSpe/Daniele_IS_Thesis/data/processed/11_S001.h5
11,S001,141,idea,90,61,384,256,/Users/dani/Documents/Thesis_ImaSpe/Daniele_IS_Thesis/data/processed/11_S001.h5
11,S001,142,telefono,94,61,384,256,/Users/dani/Documents/Thesis_ImaSpe/Daniele_IS_Thesis/data/processed/11_S001.h5
11,S001,143,anche,49,61,384,256,/Users/dani/Documents/Thesis_ImaSpe/Daniele_IS_Thesis/data/processed/11_S001.h5
11,S001,144,ieri,45,61,384,256,/Users/dani/Documents/Thesis_ImaSpe/Daniele_IS_Thesis/data/processed/11_S001.h5
11,S001,145,vecchio,73,61,384,256,/Users/dani/Documents/Thesis_ImaSpe/Daniele_IS_Thesis/data/processed/11_S001.h5
11,S001,146,ansia,100,61,384,256,/Users/dani/Documents/Thesis_ImaSpe/Daniele_IS_Thesis/data/processed/11_S001.h5
11,S001,147,grande,70,61,384,256,/Users/dani/Documents/Thesis_ImaSpe/Daniele_IS_Thesis/data/processed/11_S001.h5
11,S001,148,destra,39,61,384,256,/Users/dani/Documents/Thesis_ImaSpe/Daniele_IS_Thesis/data/processed/11_S001.h5
11,S001,149,aiuto,79,61,384,256,/Users/dani/Documents/Thesis_ImaSpe/Daniele_IS_Thesis/data/processed/11_S001.h5
11,S001,150,adesso,34,61,384,256,/Users/dani/Documents/Thesis_ImaSpe/Daniele_IS_Thesis/data/processed/11_S001.h5
11,S001,151,aspettare,2,61,384,256,/Users/dani/Documents/Thesis_ImaSpe/Daniele_IS_Thesis/data/processed/11_S001.h5
11,S001,152,volere,26,61,384,256,/Users/dani/Documents/Thesis_ImaSpe/Daniele_IS_Thesis/data/processed/11_S001.h5
11,S001,153,loro,62,61,384,256,/Users/dani/Documents/Thesis_ImaSpe/Daniele_IS_Thesis/data/processed/11_S001.h5
11,S001,154,uno,97,61,384,256,/Users/dani/Documents/Thesis_ImaSpe/Daniele_IS_Thesis/data/processed/11_S001.h5
11,S001,155,casa,77,61,384,256,/Users/dani/Documents/Thesis_ImaSpe/Daniele_IS_Thesis/data/processed/11_S001.h5
11,S001,156,essere,11,61,384,256,/Users/dani/Documents/Thesis_ImaSpe/Daniele_IS_Thesis/data/processed/11_S001.h5
11,S001,157,chiedere,6,61,384,256,/Users/dani/Documents/Thesis_ImaSpe/Daniele_IS_Thesis/data/processed/11_S001.h5
11,S001,158,anno,76,61,384,256,/Users/dani/Documents/Thesis_ImaSpe/Daniele_IS_Thesis/data/processed/11_S001.h5
11,S001,159,andare,1,61,384,256,/Users/dani/Documents/Thesis_ImaSpe/Daniele_IS_Thesis/data/processed/11_S001.h5
11,S001,160,cattivo,68,61,384,256,/Users/dani/Documents/Thesis_ImaSpe/Daniele_IS_Thesis/data/processed/11_S001.h5
11,S001,161,parte,75,61,384,256,/Users/dani/Documents/Thesis_ImaSpe/Daniele_IS_Thesis/data/processed/11_S001.h5
11,S001,162,più,30,61,384,256,/Users/dani/Documents/Thesis_ImaSpe/Daniele_IS_Thesis/data/processed/11_S001.h5
11,S001,163,macchina,91,61,384,256,/Users/dani/Documents/Thesis_ImaSpe/Daniele_IS_Thesis/data/processed/11_S001.h5
11,S001,164,dire,9,61,384,256,/Users/dani/Documents/Thesis_ImaSpe/Daniele_IS_Thesis/data/processed/11_S001.h5
11,S001,165,lavoro,81,61,384,256,/Users/dani/Documents/Thesis_ImaSpe/Daniele_IS_Thesis/data/processed/11_S001.h5
11,S001,166,tempo,80,61,384,256,/Users/dani/Documents/Thesis_ImaSpe/Daniele_IS_Thesis/data/processed/11_S001.h5
11,S001,167,lei,59,61,384,256,/Users/dani/Documents/Thesis_ImaSpe/Daniele_IS_Thesis/data/processed/11_S001.h5
11,S001,168,cosa,74,61,384,256,/Users/dani/Documents/Thesis_ImaSpe/Daniele_IS_Thesis/data/processed/11_S001.h5
11,S001,169,tu,63,61,384,256,/Users/dani/Documents/Thesis_ImaSpe/Daniele_IS_Thesis/data/processed/11_S001.h5
11,S001,170,gioia,101,61,384,256,/Users/dani/Documents/Thesis_ImaSpe/Daniele_IS_Thesis/data/processed/11_S001.h5
11,S001,171,accendere,24,61,384,256,/Users/dani/Documents/Thesis_ImaSpe/Daniele_IS_Thesis/data/processed/11_S001.h5
11,S001,172,sinistra,40,61,384,256,/Users/dani/Documents/Thesis_ImaSpe/Daniele_IS_Thesis/data/processed/11_S001.h5
11,S001,173,morte,106,61,384,256,/Users/dani/Documents/Thesis_ImaSpe/Daniele_IS_Thesis/data/processed/11_S001.h5
11,S001,174,venire,19,61,384,256,/Users/dani/Documents/Thesis_ImaSpe/Daniele_IS_Thesis/data/processed/11_S001.h5
11,S001,175,però,51,61,384,256,/Users/dani/Documents/Thesis_ImaSpe/Daniele_IS_Thesis/data/processed/11_S001.h5
11,S001,176,computer,95,61,384,256,/Users/dani/Documents/Thesis_ImaSpe/Daniele_IS_Thesis/data/processed/11_S001.h5
11,S001,177,persona,82,61,384,256,/Users/dani/Documents/Thesis_ImaSpe/Daniele_IS_Thesis/data/processed/11_S001.h5
11,S001,178,questo,64,61,384,256,/Users/dani/Documents/Thesis_ImaSpe/Daniele_IS_Thesis/data/processed/11_S001.h5
11,S001,179,acqua,83,61,384,256,/Users/dani/Documents/Thesis_ImaSpe/Daniele_IS_Thesis/data/processed/11_S001.h5
11,S001,180,riposo,109,61,384,256,/Users/dani/Documents/Thesis_ImaSpe/Daniele_IS_Thesis/data/processed/11_S001.h5
11,S001,181,sentire,17,61,384,256,/Users/dani/Documents/Thesis_ImaSpe/Daniele_IS_Thesis/data/processed/11_S001.h5
11,S001,182,bene,27,61,384,256,/Users/dani/Documents/Thesis_ImaSpe/Daniele_IS_Thesis/data/processed/11_S001.h5
11,S001,183,potere,14,61,384,256,/Users/dani/Documents/Thesis_ImaSpe/Daniele_IS_Thesis/data/processed/11_S001.h5
11,S001,184,quando,53,61,384,256,/Users/dani/Documents/Thesis_ImaSpe/Daniele_IS_Thesis/data/processed/11_S001.h5
11,S001,185,prendere,15,61,384,256,/Users/dani/Documents/Thesis_ImaSpe/Daniele_IS_Thesis/data/processed/11_S001.h5
11,S001,186,avere,3,61,384,256,/Users/dani/Documents/Thesis_ImaSpe/Daniele_IS_Thesis/data/processed/11_S001.h5
11,S001,187,sempre,33,61,384,256,/Users/dani/Documents/Thesis_ImaSpe/Daniele_IS_Thesis/data/processed/11_S001.h5
11,S001,188,trovare,18,61,384,256,/Users/dani/Documents/Thesis_ImaSpe/Daniele_IS_Thesis/data/processed/11_S001.h5
11,S001,189,dolore,108,61,384,256,/Users/dani/Documents/Thesis_ImaSpe/Daniele_IS_Thesis/data/processed/11_S001.h5
11,S001,190,spegnere,25,61,384,256,/Users/dani/Documents/Thesis_ImaSpe/Daniele_IS_Thesis/data/processed/11_S001.h5
11,S001,191,piccolo,71,61,384,256,/Users/dani/Documents/Thesis_ImaSpe/Daniele_IS_Thesis/data/processed/11_S001.h5
11,S001,192,problema,78,61,384,256,/Users/dani/Documents/Thesis_ImaSpe/Daniele_IS_Thesis/data/processed/11_S001.h5
11,S001,193,dovere,10,61,384,256,/Users/dani/Documents/Thesis_ImaSpe/Daniele_IS_Thesis/data/processed/11_S001.h5
11,S001,194,domanda,96,61,384,256,/Users/dani/Documents/Thesis_ImaSpe/Daniele_IS_Thesis/data/processed/11_S001.h5
11,S001,195,tristezza,103,61,384,256,/Users/dani/Documents/Thesis_ImaSpe/Daniele_IS_Thesis/data/processed/11_S001.h5
11,S001,196,donna,86,61,384,256,/Users/dani/Documents/Thesis_ImaSpe/Daniele_IS_Thesis/data/processed/11_S001.h5
11,S001,197,uomo,87,61,384,256,/Users/dani/Documents/Thesis_ImaSpe/Daniele_IS_Thesis/data/processed/11_S001.h5
11,S001,198,quindi,52,61,384,256,/Users/dani/Documents/Thesis_ImaSpe/Daniele_IS_Thesis/data/processed/11_S001.h5
11,S001,199,oggetto,93,61,384,256,/Users/dani/Documents/Thesis_ImaSpe/Daniele_IS_Thesis/data/processed/11_S001.h5
11,S001,200,bisogno,85,61,384,256,/Users/dani/Documents/Thesis_ImaSpe/Daniele_IS_Thesis/data/processed/11_S001.h5
11,S001,201,si,28,61,384,256,/Users/dani/Documents/Thesis_ImaSpe/Daniele_IS_Thesis/data/processed/11_S001.h5
11,S001,202,forse,46,61,384,256,/Users/dani/Documents/Thesis_ImaSpe/Daniele_IS_Thesis/data/processed/11_S001.h5
11,S001,203,bere,23,61,384,256,/Users/dani/Documents/Thesis_ImaSpe/Daniele_IS_Thesis/data/processed/11_S001.h5
11,S001,204,mille,98,61,384,256,/Users/dani/Documents/Thesis_ImaSpe/Daniele_IS_Thesis/data/processed/11_S001.h5
11,S001,205,mano,92,61,384,256,/Users/dani/Documents/Thesis_ImaSpe/Daniele_IS_Thesis/data/processed/11_S001.h5
11,S001,206,chiamare,5,61,384,256,/Users/dani/Documents/Thesis_ImaSpe/Daniele_IS_Thesis/data/processed/11_S001.h5
11,S001,207,domani,44,61,384,256,/Users/dani/Documents/Thesis_ImaSpe/Daniele_IS_Thesis/data/processed/11_S001.h5
11,S001,208,sopra,37,61,384,256,/Users/dani/Documents/Thesis_ImaSpe/Daniele_IS_Thesis/data/processed/11_S001.h5
11,S001,209,chiudere,21,61,384,256,/Users/dani/Documents/Thesis_ImaSpe/Daniele_IS_Thesis/data/processed/11_S001.h5
11,S001,210,sapere,16,61,384,256,/Users/dani/Documents/Thesis_ImaSpe/Daniele_IS_Thesis/data/processed/11_S001.h5
11,S001,211,poi,35,61,384,256,/Users/dani/Documents/Thesis_ImaSpe/Daniele_IS_Thesis/data/processed/11_S001.h5
11,S001,212,poco,31,61,384,256,/Users/dani/Documents/Thesis_ImaSpe/Daniele_IS_Thesis/data/processed/11_S001.h5
11,S001,213,fare,12,61,384,256,/Users/dani/Documents/Thesis_ImaSpe/Daniele_IS_Thesis/data/processed/11_S001.h5
11,S001,214,sotto,38,61,384,256,/Users/dani/Documents/Thesis_ImaSpe/Daniele_IS_Thesis/data/processed/11_S001.h5
11,S001,215,felicità,102,61,384,256,/Users/dani/Documents/Thesis_ImaSpe/Daniele_IS_Thesis/data/processed/11_S001.h5
11,S001,216,guerra,89,61,384,256,/Users/dani/Documents/Thesis_ImaSpe/Daniele_IS_Thesis/data/processed/11_S001.h5
11,S001,217,quello,65,61,384,256,/Users/dani/Documents/Thesis_ImaSpe/Daniele_IS_Thesis/data/processed/11_S001.h5
11,S001,218,noi,60,61,384,256,/Users/dani/Documents/Thesis_ImaSpe/Daniele_IS_Thesis/data/processed/11_S001.h5
11,S001,219,prima,47,61,384,256,/Users/dani/Documents/Thesis_ImaSpe/Daniele_IS_Thesis/data/processed/11_S001.h5
11,S002,0,arrivare,0,61,384,256,/Users/dani/Documents/Thesis_ImaSpe/Daniele_IS_Thesis/data/processed/11_S002.h5
11,S002,1,loro,62,61,384,256,/Users/dani/Documents/Thesis_ImaSpe/Daniele_IS_Thesis/data/processed/11_S002.h5
11,S002,2,domani,44,61,384,256,/Users/dani/Documents/Thesis_ImaSpe/Daniele_IS_Thesis/data/processed/11_S002.h5
11,S002,3,adesso,34,61,384,256,/Users/dani/Documents/Thesis_ImaSpe/Daniele_IS_Thesis/data/processed/11_S002.h5
11,S002,4,chiedere,6,61,384,256,/Users/dani/Documents/Thesis_ImaSpe/Daniele_IS_Thesis/data/processed/11_S002.h5
11,S002,5,casa,77,61,384,256,/Users/dani/Documents/Thesis_ImaSpe/Daniele_IS_Thesis/data/processed/11_S002.h5
11,S002,6,parte,75,61,384,256,/Users/dani/Documents/Thesis_ImaSpe/Daniele_IS_Thesis/data/processed/11_S002.h5
11,S002,7,essere,11,61,384,256,/Users/dani/Documents/Thesis_ImaSpe/Daniele_IS_Thesis/data/processed/11_S002.h5
11,S002,8,bere,23,61,384,256,/Users/dani/Documents/Thesis_ImaSpe/Daniele_IS_Thesis/data/processed/11_S002.h5
11,S002,9,mettere,13,61,384,256,/Users/dani/Documents/Thesis_ImaSpe/Daniele_IS_Thesis/data/processed/11_S002.h5
11,S002,10,brutto,69,61,384,256,/Users/dani/Documents/Thesis_ImaSpe/Daniele_IS_Thesis/data/processed/11_S002.h5
11,S002,11,tristezza,103,61,384,256,/Users/dani/Documents/Thesis_ImaSpe/Daniele_IS_Thesis/data/processed/11_S002.h5
11,S002,12,grande,70,61,384,256,/Users/dani/Documents/Thesis_ImaSpe/Daniele_IS_Thesis/data/processed/11_S002.h5
11,S002,13,aprire,20,61,384,256,/Users/dani/Documents/Thesis_ImaSpe/Daniele_IS_Thesis/data/processed/11_S002.h5
11,S002,14,mano,92,61,384,256,/Users/dani/Documents/Thesis_ImaSpe/Daniele_IS_Thesis/data/processed/11_S002.h5
11,S002,15,lei,59,61,384,256,/Users/dani/Documents/Thesis_ImaSpe/Daniele_IS_Thesis/data/processed/11_S002.h5
11,S002,16,questo,64,61,384,256,/Users/dani/Documents/Thesis_ImaSpe/Daniele_IS_Thesis/data/processed/11_S002.h5
11,S002,17,dolore,108,61,384,256,/Users/dani/Documents/Thesis_ImaSpe/Daniele_IS_Thesis/data/processed/11_S002.h5
11,S002,18,voi,61,61,384,256,/Users/dani/Documents/Thesis_ImaSpe/Daniele_IS_Thesis/data/processed/11_S002.h5
11,S002,19,conoscere,7,61,384,256,/Users/dani/Documents/Thesis_ImaSpe/Daniele_IS_Thesis/data/processed/11_S002.h5
11,S002,20,lui,58,61,384,256,/Users/dani/Documents/Thesis_ImaSpe/Daniele_IS_Thesis/data/processed/11_S002.h5
11,S002,21,nuovo,72,61,384,256,/Users/dani/Documents/Thesis_ImaSpe/Daniele_IS_Thesis/data/processed/11_S002.h5
11,S002,22,bene,27,61,384,256,/Users/dani/Documents/Thesis_ImaSpe/Daniele_IS_Thesis/data/processed/11_S002.h5
11,S002,23,poco,31,61,384,256,/Users/dani/Documents/Thesis_ImaSpe/Daniele_IS_Thesis/data/processed/11_S002.h5
11,S002,24,trovare,18,61,384,256,/Users/dani/Documents/Thesis_ImaSpe/Daniele_IS_Thesis/data/processed/11_S002.h5
11,S002,25,cibo,84,61,384,256,/Users/dani/Documents/Thesis_ImaSpe/Daniele_IS_Thesis/data/processed/11_S002.h5
11,S002,26,felicità,102,61,384,256,/Users/dani/Documents/Thesis_ImaSpe/Daniele_IS_Thesis/data/processed/11_S002.h5
11,S002,27,problema,78,61,384,256,/Users/dani/Documents/Thesis_ImaSpe/Daniele_IS_Thesis/data/processed/11_S002.h5
11,S002,28,sentire,17,61,384,256,/Users/dani/Documents/Thesis_ImaSpe/Daniele_IS_Thesis/data/processed/11_S002.h5
11,S002,29,chiudere,21,61,384,256,/Users/dani/Documents/Thesis_ImaSpe/Daniele_IS_Thesis/data/processed/11_S002.h5
11,S002,30,indietro,42,61,384,256,/Users/dani/Documents/Thesis_ImaSpe/Daniele_IS_Thesis/data/processed/11_S002.h5
11,S002,31,prima,47,61,384,256,/Users/dani/Documents/Thesis_ImaSpe/Daniele_IS_Thesis/data/processed/11_S002.h5
11,S002,32,accendere,24,61,384,256,/Users/dani/Documents/Thesis_ImaSpe/Daniele_IS_Thesis/data/processed/11_S002.h5
11,S002,33,anche,49,61,384,256,/Users/dani/Documents/Thesis_ImaSpe/Daniele_IS_Thesis/data/processed/11_S002.h5
11,S002,34,guerra,89,61,384,256,/Users/dani/Documents/Thesis_ImaSpe/Daniele_IS_Thesis/data/processed/11_S002.h5
11,S002,35,forse,46,61,384,256,/Users/dani/Documents/Thesis_ImaSpe/Daniele_IS_Thesis/data/processed/11_S002.h5
11,S002,36,morte,106,61,384,256,/Users/dani/Documents/Thesis_ImaSpe/Daniele_IS_Thesis/data/processed/11_S002.h5
11,S002,37,chiamare,5,61,384,256,/Users/dani/Documents/Thesis_ImaSpe/Daniele_IS_Thesis/data/processed/11_S002.h5
11,S002,38,macchina,91,61,384,256,/Users/dani/Documents/Thesis_ImaSpe/Daniele_IS_Thesis/data/processed/11_S002.h5
11,S002,39,sopra,37,61,384,256,/Users/dani/Documents/Thesis_ImaSpe/Daniele_IS_Thesis/data/processed/11_S002.h5
11,S002,40,dire,9,61,384,256,/Users/dani/Documents/Thesis_ImaSpe/Daniele_IS_Thesis/data/processed/11_S002.h5
11,S002,41,avanti,41,61,384,256,/Users/dani/Documents/Thesis_ImaSpe/Daniele_IS_Thesis/data/processed/11_S002.h5
11,S002,42,paura,99,61,384,256,/Users/dani/Documents/Thesis_ImaSpe/Daniele_IS_Thesis/data/processed/11_S002.h5
11,S002,43,come,50,61,384,256,/Users/dani/Documents/Thesis_ImaSpe/Daniele_IS_Thesis/data/processed/11_S002.h5
11,S002,44,venire,19,61,384,256,/Users/dani/Documents/Thesis_ImaSpe/Daniele_IS_Thesis/data/processed/11_S002.h5
11,S002,45,cattivo,68,61,384,256,/Users/dani/Documents/Thesis_ImaSpe/Daniele_IS_Thesis/data/processed/11_S002.h5
11,S002,46,domanda,96,61,384,256,/Users/dani/Documents/Thesis_ImaSpe/Daniele_IS_Thesis/data/processed/11_S002.h5
11,S002,47,però,51,61,384,256,/Users/dani/Documents/Thesis_ImaSpe/Daniele_IS_Thesis/data/processed/11_S002.h5
11,S002,48,vecchio,73,61,384,256,/Users/dani/Documents/Thesis_ImaSpe/Daniele_IS_Thesis/data/processed/11_S002.h5
11,S002,49,cosa,74,61,384,256,/Users/dani/Documents/Thesis_ImaSpe/Daniele_IS_Thesis/data/processed/11_S002.h5
11,S002,50,ieri,45,61,384,256,/Users/dani/Documents/Thesis_ImaSpe/Daniele_IS_Thesis/data/processed/11_S002.h5
11,S002,51,oggi,43,61,384,256,/Users/dani/Documents/Thesis_ImaSpe/Daniele_IS_Thesis/data/processed/11_S002.h5
11,S002,52,dare,8,61,384,256,/Users/dani/Documents/Thesis_ImaSpe/Daniele_IS_Thesis/data/processed/11_S002.h5
11,S002,53,amore,105,61,384,256,/Users/dani/Documents/Thesis_ImaSpe/Daniele_IS_Thesis/data/processed/11_S002.h5
11,S002,54,sinistra,40,61,384,256,/Users/dani/Documents/Thesis_ImaSpe/Daniele_IS_Thesis/data/processed/11_S002.h5
11,S002,55,acqua,83,61,384,256,/Users/dani/Documents/Thesis_ImaSpe/Daniele_IS_Thesis/data/processed/11_S002.h5
11,S002,56,potere,14,61,384,256,/Users/dani/Documents/Thesis_ImaSpe/Daniele_IS_Thesis/data/processed/11_S002.h5
11,S002,57,donna,86,61,384,256,/Users/dani/Documents/Thesis_ImaSpe/Daniele_IS_Thesis/data/processed/11_S002.h5
11,S002,58,computer,95,61,384,256,/Users/dani/Documents/Thesis_ImaSpe/Daniele_IS_Thesis/data/processed/11_S002.h5
11,S002,59,persona,82,61,384,256,/Users/dani/Documents/Thesis_ImaSpe/Daniele_IS_Thesis/data/processed/11_S002.h5
11,S002,60,poi,35,61,384,256,/Users/dani/Documents/Thesis_ImaSpe/Daniele_IS_Thesis/data/processed/11_S002.h5
11,S002,61,aiuto,79,61,384,256,/Users/dani/Documents/Thesis_ImaSpe/Daniele_IS_Thesis/data/processed/11_S002.h5
11,S002,62,destra,39,61,384,256,/Users/dani/Documents/Thesis_ImaSpe/Daniele_IS_Thesis/data/processed/11_S002.h5
11,S002,63,idea,90,61,384,256,/Users/dani/Documents/Thesis_ImaSpe/Daniele_IS_Thesis/data/processed/11_S002.h5
11,S002,64,dove,54,61,384,256,/Users/dani/Documents/Thesis_ImaSpe/Daniele_IS_Thesis/data/processed/11_S002.h5
11,S002,65,quando,53,61,384,256,/Users/dani/Documents/Thesis_ImaSpe/Daniele_IS_Thesis/data/processed/11_S002.h5
11,S002,66,quindi,52,61,384,256,/Users/dani/Documents/Thesis_ImaSpe/Daniele_IS_Thesis/data/processed/11_S002.h5
11,S002,67,lavoro,81,61,384,256,/Users/dani/Documents/Thesis_ImaSpe/Daniele_IS_Thesis/data/processed/11_S002.h5
11,S002,68,tempo,80,61,384,256,/Users/dani/Documents/Thesis_ImaSpe/Daniele_IS_Thesis/data/processed/11_S002.h5
11,S002,69,fare,12,61,384,256,/Users/dani/Documents/Thesis_ImaSpe/Daniele_IS_Thesis/data/processed/11_S002.h5
11,S002,70,aspettare,2,61,384,256,/Users/dani/Documents/Thesis_ImaSpe/Daniele_IS_Thesis/data/processed/11_S002.h5
11,S002,71,avere,3,61,384,256,/Users/dani/Documents/Thesis_ImaSpe/Daniele_IS_Thesis/data/processed/11_S002.h5
11,S002,72,piccolo,71,61,384,256,/Users/dani/Documents/Thesis_ImaSpe/Daniele_IS_Thesis/data/processed/11_S002.h5
11,S002,73,no,29,61,384,256,/Users/dani/Documents/Thesis_ImaSpe/Daniele_IS_Thesis/data/processed/11_S002.h5
11,S002,74,sempre,33,61,384,256,/Users/dani/Documents/Thesis_ImaSpe/Daniele_IS_Thesis/data/processed/11_S002.h5
11,S002,75,molto,32,61,384,256,/Users/dani/Documents/Thesis_ImaSpe/Daniele_IS_Thesis/data/processed/11_S002.h5
11,S002,76,mangiare,22,61,384,256,/Users/dani/Documents/Thesis_ImaSpe/Daniele_IS_Thesis/data/processed/11_S002.h5
11,S002,77,gioia,101,61,384,256,/Users/dani/Documents/Thesis_ImaSpe/Daniele_IS_Thesis/data/processed/11_S002.h5
11,S002,78,perchè,48,61,384,256,/Users/dani/Documents/Thesis_ImaSpe/Daniele_IS_Thesis/data/processed/11_S002.h5
11,S002,79,io,57,61,384,256,/Users/dani/Documents/Thesis_ImaSpe/Daniele_IS_Thesis/data/processed/11_S002.h5
11,S002,80,bisogno,85,61,384,256,/Users/dani/Documents/Thesis_ImaSpe/Daniele_IS_Thesis/data/processed/11_S002.h5
11,S002,81,noi,60,61,384,256,/Users/dani/Documents/Thesis_ImaSpe/Daniele_IS_Thesis/data/processed/11_S002.h5
11,S002,82,prendere,15,61,384,256,/Users/dani/Documents/Thesis_ImaSpe/Daniele_IS_Thesis/data/processed/11_S002.h5
11,S002,83,oggetto,93,61,384,256,/Users/dani/Documents/Thesis_ImaSpe/Daniele_IS_Thesis/data/processed/11_S002.h5
11,S002,84,anno,76,61,384,256,/Users/dani/Documents/Thesis_ImaSpe/Daniele_IS_Thesis/data/processed/11_S002.h5
11,S002,85,volere,26,61,384,256,/Users/dani/Documents/Thesis_ImaSpe/Daniele_IS_Thesis/data/processed/11_S002.h5
11,S002,86,male,36,61,384,256,/Users/dani/Documents/Thesis_ImaSpe/Daniele_IS_Thesis/data/processed/11_S002.h5
11,S002,87,oppure,56,61,384,256,/Users/dani/Documents/Thesis_ImaSpe/Daniele_IS_Thesis/data/processed/11_S002.h5
11,S002,88,andare,1,61,384,256,/Users/dani/Documents/Thesis_ImaSpe/Daniele_IS_Thesis/data/processed/11_S002.h5
11,S002,89,gruppo,88,61,384,256,/Users/dani/Documents/Thesis_ImaSpe/Daniele_IS_Thesis/data/processed/11_S002.h5
11,S002,90,bello,67,61,384,256,/Users/dani/Documents/Thesis_ImaSpe/Daniele_IS_Thesis/data/processed/11_S002.h5
11,S002,91,sapere,16,61,384,256,/Users/dani/Documents/Thesis_ImaSpe/Daniele_IS_Thesis/data/processed/11_S002.h5
11,S002,92,spegnere,25,61,384,256,/Users/dani/Documents/Thesis_ImaSpe/Daniele_IS_Thesis/data/processed/11_S002.h5
11,S002,93,quello,65,61,384,256,/Users/dani/Documents/Thesis_ImaSpe/Daniele_IS_Thesis/data/processed/11_S002.h5
11,S002,94,ansia,100,61,384,256,/Users/dani/Documents/Thesis_ImaSpe/Daniele_IS_Thesis/data/processed/11_S002.h5
11,S002,95,dovere,10,61,384,256,/Users/dani/Documents/Thesis_ImaSpe/Daniele_IS_Thesis/data/processed/11_S002.h5
11,S002,96,tu,63,61,384,256,/Users/dani/Documents/Thesis_ImaSpe/Daniele_IS_Thesis/data/processed/11_S002.h5
11,S002,97,capire,4,61,384,256,/Users/dani/Documents/Thesis_ImaSpe/Daniele_IS_Thesis/data/processed/11_S002.h5
11,S002,98,bagno,107,61,384,256,/Users/dani/Documents/Thesis_ImaSpe/Daniele_IS_Thesis/data/processed/11_S002.h5
11,S002,99,mille,98,61,384,256,/Users/dani/Documents/Thesis_ImaSpe/Daniele_IS_Thesis/data/processed/11_S002.h5
11,S002,100,sotto,38,61,384,256,/Users/dani/Documents/Thesis_ImaSpe/Daniele_IS_Thesis/data/processed/11_S002.h5
11,S002,101,serenità,104,61,384,256,/Users/dani/Documents/Thesis_ImaSpe/Daniele_IS_Thesis/data/processed/11_S002.h5
11,S002,102,buono,66,61,384,256,/Users/dani/Documents/Thesis_ImaSpe/Daniele_IS_Thesis/data/processed/11_S002.h5
11,S002,103,se,55,61,384,256,/Users/dani/Documents/Thesis_ImaSpe/Daniele_IS_Thesis/data/processed/11_S002.h5
11,S002,104,riposo,109,61,384,256,/Users/dani/Documents/Thesis_ImaSpe/Daniele_IS_Thesis/data/processed/11_S002.h5
11,S002,105,più,30,61,384,256,/Users/dani/Documents/Thesis_ImaSpe/Daniele_IS_Thesis/data/processed/11_S002.h5
11,S002,106,uomo,87,61,384,256,/Users/dani/Documents/Thesis_ImaSpe/Daniele_IS_Thesis/data/processed/11_S002.h5
11,S002,107,arrivare,0,61,384,256,/Users/dani/Documents/Thesis_ImaSpe/Daniele_IS_Thesis/data/processed/11_S002.h5
11,S002,108,loro,62,61,384,256,/Users/dani/Documents/Thesis_ImaSpe/Daniele_IS_Thesis/data/processed/11_S002.h5
11,S002,109,domani,44,61,384,256,/Users/dani/Documents/Thesis_ImaSpe/Daniele_IS_Thesis/data/processed/11_S002.h5
11,S002,110,adesso,34,61,384,256,/Users/dani/Documents/Thesis_ImaSpe/Daniele_IS_Thesis/data/processed/11_S002.h5
11,S002,111,chiedere,6,61,384,256,/Users/dani/Documents/Thesis_ImaSpe/Daniele_IS_Thesis/data/processed/11_S002.h5
11,S002,112,casa,77,61,384,256,/Users/dani/Documents/Thesis_ImaSpe/Daniele_IS_Thesis/data/processed/11_S002.h5
11,S002,113,parte,75,61,384,256,/Users/dani/Documents/Thesis_ImaSpe/Daniele_IS_Thesis/data/processed/11_S002.h5
11,S002,114,essere,11,61,384,256,/Users/dani/Documents/Thesis_ImaSpe/Daniele_IS_Thesis/data/processed/11_S002.h5
11,S002,115,bere,23,61,384,256,/Users/dani/Documents/Thesis_ImaSpe/Daniele_IS_Thesis/data/processed/11_S002.h5
11,S002,116,mettere,13,61,384,256,/Users/dani/Documents/Thesis_ImaSpe/Daniele_IS_Thesis/data/processed/11_S002.h5
11,S002,117,brutto,69,61,384,256,/Users/dani/Documents/Thesis_ImaSpe/Daniele_IS_Thesis/data/processed/11_S002.h5
11,S002,118,tristezza,103,61,384,256,/Users/dani/Documents/Thesis_ImaSpe/Daniele_IS_Thesis/data/processed/11_S002.h5
11,S002,119,grande,70,61,384,256,/Users/dani/Documents/Thesis_ImaSpe/Daniele_IS_Thesis/data/processed/11_S002.h5
11,S002,120,aprire,20,61,384,256,/Users/dani/Documents/Thesis_ImaSpe/Daniele_IS_Thesis/data/processed/11_S002.h5
11,S002,121,mano,92,61,384,256,/Users/dani/Documents/Thesis_ImaSpe/Daniele_IS_Thesis/data/processed/11_S002.h5
11,S002,122,lei,59,61,384,256,/Users/dani/Documents/Thesis_ImaSpe/Daniele_IS_Thesis/data/processed/11_S002.h5
11,S002,123,questo,64,61,384,256,/Users/dani/Documents/Thesis_ImaSpe/Daniele_IS_Thesis/data/processed/11_S002.h5
11,S002,124,dolore,108,61,384,256,/Users/dani/Documents/Thesis_ImaSpe/Daniele_IS_Thesis/data/processed/11_S002.h5
11,S002,125,voi,61,61,384,256,/Users/dani/Documents/Thesis_ImaSpe/Daniele_IS_Thesis/data/processed/11_S002.h5
11,S002,126,conoscere,7,61,384,256,/Users/dani/Documents/Thesis_ImaSpe/Daniele_IS_Thesis/data/processed/11_S002.h5
11,S002,127,lui,58,61,384,256,/Users/dani/Documents/Thesis_ImaSpe/Daniele_IS_Thesis/data/processed/11_S002.h5
11,S002,128,nuovo,72,61,384,256,/Users/dani/Documents/Thesis_ImaSpe/Daniele_IS_Thesis/data/processed/11_S002.h5
11,S002,129,bene,27,61,384,256,/Users/dani/Documents/Thesis_ImaSpe/Daniele_IS_Thesis/data/processed/11_S002.h5
11,S002,130,poco,31,61,384,256,/Users/dani/Documents/Thesis_ImaSpe/Daniele_IS_Thesis/data/processed/11_S002.h5
11,S002,131,trovare,18,61,384,256,/Users/dani/Documents/Thesis_ImaSpe/Daniele_IS_Thesis/data/processed/11_S002.h5
11,S002,132,cibo,84,61,384,256,/Users/dani/Documents/Thesis_ImaSpe/Daniele_IS_Thesis/data/processed/11_S002.h5
11,S002,133,felicità,102,61,384,256,/Users/dani/Documents/Thesis_ImaSpe/Daniele_IS_Thesis/data/processed/11_S002.h5
11,S002,134,problema,78,61,384,256,/Users/dani/Documents/Thesis_ImaSpe/Daniele_IS_Thesis/data/processed/11_S002.h5
11,S002,135,sentire,17,61,384,256,/Users/dani/Documents/Thesis_ImaSpe/Daniele_IS_Thesis/data/processed/11_S002.h5
11,S002,136,chiudere,21,61,384,256,/Users/dani/Documents/Thesis_ImaSpe/Daniele_IS_Thesis/data/processed/11_S002.h5
11,S002,137,indietro,42,61,384,256,/Users/dani/Documents/Thesis_ImaSpe/Daniele_IS_Thesis/data/processed/11_S002.h5
11,S002,138,prima,47,61,384,256,/Users/dani/Documents/Thesis_ImaSpe/Daniele_IS_Thesis/data/processed/11_S002.h5
11,S002,139,accendere,24,61,384,256,/Users/dani/Documents/Thesis_ImaSpe/Daniele_IS_Thesis/data/processed/11_S002.h5
11,S002,140,anche,49,61,384,256,/Users/dani/Documents/Thesis_ImaSpe/Daniele_IS_Thesis/data/processed/11_S002.h5
11,S002,141,guerra,89,61,384,256,/Users/dani/Documents/Thesis_ImaSpe/Daniele_IS_Thesis/data/processed/11_S002.h5
11,S002,142,forse,46,61,384,256,/Users/dani/Documents/Thesis_ImaSpe/Daniele_IS_Thesis/data/processed/11_S002.h5
11,S002,143,morte,106,61,384,256,/Users/dani/Documents/Thesis_ImaSpe/Daniele_IS_Thesis/data/processed/11_S002.h5
11,S002,144,chiamare,5,61,384,256,/Users/dani/Documents/Thesis_ImaSpe/Daniele_IS_Thesis/data/processed/11_S002.h5
11,S002,145,macchina,91,61,384,256,/Users/dani/Documents/Thesis_ImaSpe/Daniele_IS_Thesis/data/processed/11_S002.h5
11,S002,146,sopra,37,61,384,256,/Users/dani/Documents/Thesis_ImaSpe/Daniele_IS_Thesis/data/processed/11_S002.h5
11,S002,147,dire,9,61,384,256,/Users/dani/Documents/Thesis_ImaSpe/Daniele_IS_Thesis/data/processed/11_S002.h5
11,S002,148,avanti,41,61,384,256,/Users/dani/Documents/Thesis_ImaSpe/Daniele_IS_Thesis/data/processed/11_S002.h5
11,S002,149,paura,99,61,384,256,/Users/dani/Documents/Thesis_ImaSpe/Daniele_IS_Thesis/data/processed/11_S002.h5
11,S002,150,come,50,61,384,256,/Users/dani/Documents/Thesis_ImaSpe/Daniele_IS_Thesis/data/processed/11_S002.h5
11,S002,151,venire,19,61,384,256,/Users/dani/Documents/Thesis_ImaSpe/Daniele_IS_Thesis/data/processed/11_S002.h5
11,S002,152,cattivo,68,61,384,256,/Users/dani/Documents/Thesis_ImaSpe/Daniele_IS_Thesis/data/processed/11_S002.h5
11,S002,153,domanda,96,61,384,256,/Users/dani/Documents/Thesis_ImaSpe/Daniele_IS_Thesis/data/processed/11_S002.h5
11,S002,154,però,51,61,384,256,/Users/dani/Documents/Thesis_ImaSpe/Daniele_IS_Thesis/data/processed/11_S002.h5
11,S002,155,vecchio,73,61,384,256,/Users/dani/Documents/Thesis_ImaSpe/Daniele_IS_Thesis/data/processed/11_S002.h5
11,S002,156,cosa,74,61,384,256,/Users/dani/Documents/Thesis_ImaSpe/Daniele_IS_Thesis/data/processed/11_S002.h5
11,S002,157,ieri,45,61,384,256,/Users/dani/Documents/Thesis_ImaSpe/Daniele_IS_Thesis/data/processed/11_S002.h5
11,S002,158,oggi,43,61,384,256,/Users/dani/Documents/Thesis_ImaSpe/Daniele_IS_Thesis/data/processed/11_S002.h5
11,S002,159,dare,8,61,384,256,/Users/dani/Documents/Thesis_ImaSpe/Daniele_IS_Thesis/data/processed/11_S002.h5
11,S002,160,amore,105,61,384,256,/Users/dani/Documents/Thesis_ImaSpe/Daniele_IS_Thesis/data/processed/11_S002.h5
11,S002,161,sinistra,40,61,384,256,/Users/dani/Documents/Thesis_ImaSpe/Daniele_IS_Thesis/data/processed/11_S002.h5
11,S002,162,acqua,83,61,384,256,/Users/dani/Documents/Thesis_ImaSpe/Daniele_IS_Thesis/data/processed/11_S002.h5
11,S002,163,potere,14,61,384,256,/Users/dani/Documents/Thesis_ImaSpe/Daniele_IS_Thesis/data/processed/11_S002.h5
11,S002,164,donna,86,61,384,256,/Users/dani/Documents/Thesis_ImaSpe/Daniele_IS_Thesis/data/processed/11_S002.h5
11,S002,165,computer,95,61,384,256,/Users/dani/Documents/Thesis_ImaSpe/Daniele_IS_Thesis/data/processed/11_S002.h5
11,S002,166,persona,82,61,384,256,/Users/dani/Documents/Thesis_ImaSpe/Daniele_IS_Thesis/data/processed/11_S002.h5
11,S002,167,poi,35,61,384,256,/Users/dani/Documents/Thesis_ImaSpe/Daniele_IS_Thesis/data/processed/11_S002.h5
11,S002,168,aiuto,79,61,384,256,/Users/dani/Documents/Thesis_ImaSpe/Daniele_IS_Thesis/data/processed/11_S002.h5
11,S002,169,destra,39,61,384,256,/Users/dani/Documents/Thesis_ImaSpe/Daniele_IS_Thesis/data/processed/11_S002.h5
11,S002,170,idea,90,61,384,256,/Users/dani/Documents/Thesis_ImaSpe/Daniele_IS_Thesis/data/processed/11_S002.h5
11,S002,171,dove,54,61,384,256,/Users/dani/Documents/Thesis_ImaSpe/Daniele_IS_Thesis/data/processed/11_S002.h5
11,S002,172,quando,53,61,384,256,/Users/dani/Documents/Thesis_ImaSpe/Daniele_IS_Thesis/data/processed/11_S002.h5
11,S002,173,quindi,52,61,384,256,/Users/dani/Documents/Thesis_ImaSpe/Daniele_IS_Thesis/data/processed/11_S002.h5
11,S002,174,lavoro,81,61,384,256,/Users/dani/Documents/Thesis_ImaSpe/Daniele_IS_Thesis/data/processed/11_S002.h5
11,S002,175,tempo,80,61,384,256,/Users/dani/Documents/Thesis_ImaSpe/Daniele_IS_Thesis/data/processed/11_S002.h5
11,S002,176,fare,12,61,384,256,/Users/dani/Documents/Thesis_ImaSpe/Daniele_IS_Thesis/data/processed/11_S002.h5
11,S002,177,aspettare,2,61,384,256,/Users/dani/Documents/Thesis_ImaSpe/Daniele_IS_Thesis/data/processed/11_S002.h5
11,S002,178,avere,3,61,384,256,/Users/dani/Documents/Thesis_ImaSpe/Daniele_IS_Thesis/data/processed/11_S002.h5
11,S002,179,piccolo,71,61,384,256,/Users/dani/Documents/Thesis_ImaSpe/Daniele_IS_Thesis/data/processed/11_S002.h5
11,S002,180,no,29,61,384,256,/Users/dani/Documents/Thesis_ImaSpe/Daniele_IS_Thesis/data/processed/11_S002.h5
11,S002,181,sempre,33,61,384,256,/Users/dani/Documents/Thesis_ImaSpe/Daniele_IS_Thesis/data/processed/11_S002.h5
11,S002,182,molto,32,61,384,256,/Users/dani/Documents/Thesis_ImaSpe/Daniele_IS_Thesis/data/processed/11_S002.h5
11,S002,183,mangiare,22,61,384,256,/Users/dani/Documents/Thesis_ImaSpe/Daniele_IS_Thesis/data/processed/11_S002.h5
11,S002,184,gioia,101,61,384,256,/Users/dani/Documents/Thesis_ImaSpe/Daniele_IS_Thesis/data/processed/11_S002.h5
11,S002,185,perchè,48,61,384,256,/Users/dani/Documents/Thesis_ImaSpe/Daniele_IS_Thesis/data/processed/11_S002.h5
11,S002,186,io,57,61,384,256,/Users/dani/Documents/Thesis_ImaSpe/Daniele_IS_Thesis/data/processed/11_S002.h5
11,S002,187,bisogno,85,61,384,256,/Users/dani/Documents/Thesis_ImaSpe/Daniele_IS_Thesis/data/processed/11_S002.h5
11,S002,188,noi,60,61,384,256,/Users/dani/Documents/Thesis_ImaSpe/Daniele_IS_Thesis/data/processed/11_S002.h5
11,S002,189,prendere,15,61,384,256,/Users/dani/Documents/Thesis_ImaSpe/Daniele_IS_Thesis/data/processed/11_S002.h5
11,S002,190,oggetto,93,61,384,256,/Users/dani/Documents/Thesis_ImaSpe/Daniele_IS_Thesis/data/processed/11_S002.h5
11,S002,191,anno,76,61,384,256,/Users/dani/Documents/Thesis_ImaSpe/Daniele_IS_Thesis/data/processed/11_S002.h5
11,S002,192,volere,26,61,384,256,/Users/dani/Documents/Thesis_ImaSpe/Daniele_IS_Thesis/data/processed/11_S002.h5
11,S002,193,male,36,61,384,256,/Users/dani/Documents/Thesis_ImaSpe/Daniele_IS_Thesis/data/processed/11_S002.h5
11,S002,194,oppure,56,61,384,256,/Users/dani/Documents/Thesis_ImaSpe/Daniele_IS_Thesis/data/processed/11_S002.h5
11,S002,195,andare,1,61,384,256,/Users/dani/Documents/Thesis_ImaSpe/Daniele_IS_Thesis/data/processed/11_S002.h5
11,S002,196,gruppo,88,61,384,256,/Users/dani/Documents/Thesis_ImaSpe/Daniele_IS_Thesis/data/processed/11_S002.h5
11,S002,197,bello,67,61,384,256,/Users/dani/Documents/Thesis_ImaSpe/Daniele_IS_Thesis/data/processed/11_S002.h5
11,S002,198,sapere,16,61,384,256,/Users/dani/Documents/Thesis_ImaSpe/Daniele_IS_Thesis/data/processed/11_S002.h5
11,S002,199,spegnere,25,61,384,256,/Users/dani/Documents/Thesis_ImaSpe/Daniele_IS_Thesis/data/processed/11_S002.h5
11,S002,200,quello,65,61,384,256,/Users/dani/Documents/Thesis_ImaSpe/Daniele_IS_Thesis/data/processed/11_S002.h5
11,S002,201,ansia,100,61,384,256,/Users/dani/Documents/Thesis_ImaSpe/Daniele_IS_Thesis/data/processed/11_S002.h5
11,S002,202,dovere,10,61,384,256,/Users/dani/Documents/Thesis_ImaSpe/Daniele_IS_Thesis/data/processed/11_S002.h5
11,S002,203,tu,63,61,384,256,/Users/dani/Documents/Thesis_ImaSpe/Daniele_IS_Thesis/data/processed/11_S002.h5
11,S002,204,capire,4,61,384,256,/Users/dani/Documents/Thesis_ImaSpe/Daniele_IS_Thesis/data/processed/11_S002.h5
11,S002,205,bagno,107,61,384,256,/Users/dani/Documents/Thesis_ImaSpe/Daniele_IS_Thesis/data/processed/11_S002.h5
11,S002,206,mille,98,61,384,256,/Users/dani/Documents/Thesis_ImaSpe/Daniele_IS_Thesis/data/processed/11_S002.h5
11,S002,207,sotto,38,61,384,256,/Users/dani/Documents/Thesis_ImaSpe/Daniele_IS_Thesis/data/processed/11_S002.h5
11,S002,208,serenità,104,61,384,256,/Users/dani/Documents/Thesis_ImaSpe/Daniele_IS_Thesis/data/processed/11_S002.h5
11,S002,209,buono,66,61,384,256,/Users/dani/Documents/Thesis_ImaSpe/Daniele_IS_Thesis/data/processed/11_S002.h5
11,S002,210,se,55,61,384,256,/Users/dani/Documents/Thesis_ImaSpe/Daniele_IS_Thesis/data/processed/11_S002.h5
11,S002,211,riposo,109,61,384,256,/Users/dani/Documents/Thesis_ImaSpe/Daniele_IS_Thesis/data/processed/11_S002.h5
11,S002,212,più,30,61,384,256,/Users/dani/Documents/Thesis_ImaSpe/Daniele_IS_Thesis/data/processed/11_S002.h5
11,S002,213,uomo,87,61,384,256,/Users/dani/Documents/Thesis_ImaSpe/Daniele_IS_Thesis/data/processed/11_S002.h5
11,S003,0,sinistra,40,61,384,256,/Users/dani/Documents/Thesis_ImaSpe/Daniele_IS_Thesis/data/processed/11_S003.h5
11,S003,1,brutto,69,61,384,256,/Users/dani/Documents/Thesis_ImaSpe/Daniele_IS_Thesis/data/processed/11_S003.h5
11,S003,2,sopra,37,61,384,256,/Users/dani/Documents/Thesis_ImaSpe/Daniele_IS_Thesis/data/processed/11_S003.h5
11,S003,3,poco,31,61,384,256,/Users/dani/Documents/Thesis_ImaSpe/Daniele_IS_Thesis/data/processed/11_S003.h5
11,S003,4,conoscere,7,61,384,256,/Users/dani/Documents/Thesis_ImaSpe/Daniele_IS_Thesis/data/processed/11_S003.h5
11,S003,5,lui,58,61,384,256,/Users/dani/Documents/Thesis_ImaSpe/Daniele_IS_Thesis/data/processed/11_S003.h5
11,S003,6,dolore,108,61,384,256,/Users/dani/Documents/Thesis_ImaSpe/Daniele_IS_Thesis/data/processed/11_S003.h5
11,S003,7,indietro,42,61,384,256,/Users/dani/Documents/Thesis_ImaSpe/Daniele_IS_Thesis/data/processed/11_S003.h5
11,S003,8,bagno,107,61,384,256,/Users/dani/Documents/Thesis_ImaSpe/Daniele_IS_Thesis/data/processed/11_S003.h5
11,S003,9,sotto,38,61,384,256,/Users/dani/Documents/Thesis_ImaSpe/Daniele_IS_Thesis/data/processed/11_S003.h5
11,S003,10,casa,77,61,384,256,/Users/dani/Documents/Thesis_ImaSpe/Daniele_IS_Thesis/data/processed/11_S003.h5
11,S003,11,oggetto,93,61,384,256,/Users/dani/Documents/Thesis_ImaSpe/Daniele_IS_Thesis/data/processed/11_S003.h5
11,S003,12,mille,98,61,384,256,/Users/dani/Documents/Thesis_ImaSpe/Daniele_IS_Thesis/data/processed/11_S003.h5
11,S003,13,guerra,89,61,384,256,/Users/dani/Documents/Thesis_ImaSpe/Daniele_IS_Thesis/data/processed/11_S003.h5
11,S003,14,domanda,96,61,384,256,/Users/dani/Documents/Thesis_ImaSpe/Daniele_IS_Thesis/data/processed/11_S003.h5
11,S003,15,chiamare,5,61,384,256,/Users/dani/Documents/Thesis_ImaSpe/Daniele_IS_Thesis/data/processed/11_S003.h5
11,S003,16,riposo,109,61,384,256,/Users/dani/Documents/Thesis_ImaSpe/Daniele_IS_Thesis/data/processed/11_S003.h5
11,S003,17,anche,49,61,384,256,/Users/dani/Documents/Thesis_ImaSpe/Daniele_IS_Thesis/data/processed/11_S003.h5
11,S003,18,parte,75,61,384,256,/Users/dani/Documents/Thesis_ImaSpe/Daniele_IS_Thesis/data/processed/11_S003.h5
11,S003,19,persona,82,61,384,256,/Users/dani/Documents/Thesis_ImaSpe/Daniele_IS_Thesis/data/processed/11_S003.h5
11,S003,20,aprire,20,61,384,256,/Users/dani/Documents/Thesis_ImaSpe/Daniele_IS_Thesis/data/processed/11_S003.h5
11,S003,21,arrivare,0,61,384,256,/Users/dani/Documents/Thesis_ImaSpe/Daniele_IS_Thesis/data/processed/11_S003.h5
11,S003,22,chiedere,6,61,384,256,/Users/dani/Documents/Thesis_ImaSpe/Daniele_IS_Thesis/data/processed/11_S003.h5
11,S003,23,avere,3,61,384,256,/Users/dani/Documents/Thesis_ImaSpe/Daniele_IS_Thesis/data/processed/11_S003.h5
11,S003,24,poi,35,61,384,256,/Users/dani/Documents/Thesis_ImaSpe/Daniele_IS_Thesis/data/processed/11_S003.h5
11,S003,25,serenità,104,61,384,256,/Users/dani/Documents/Thesis_ImaSpe/Daniele_IS_Thesis/data/processed/11_S003.h5
11,S003,26,se,55,61,384,256,/Users/dani/Documents/Thesis_ImaSpe/Daniele_IS_Thesis/data/processed/11_S003.h5
11,S003,27,cattivo,68,61,384,256,/Users/dani/Documents/Thesis_ImaSpe/Daniele_IS_Thesis/data/processed/11_S003.h5
11,S003,28,gruppo,88,61,384,256,/Users/dani/Documents/Thesis_ImaSpe/Daniele_IS_Thesis/data/processed/11_S003.h5
11,S003,29,fare,12,61,384,256,/Users/dani/Documents/Thesis_ImaSpe/Daniele_IS_Thesis/data/processed/11_S003.h5
11,S003,30,nuovo,72,61,384,256,/Users/dani/Documents/Thesis_ImaSpe/Daniele_IS_Thesis/data/processed/11_S003.h5
11,S003,31,dare,8,61,384,256,/Users/dani/Documents/Thesis_ImaSpe/Daniele_IS_Thesis/data/processed/11_S003.h5
11,S003,32,bene,27,61,384,256,/Users/dani/Documents/Thesis_ImaSpe/Daniele_IS_Thesis/data/processed/11_S003.h5
11,S003,33,accendere,24,61,384,256,/Users/dani/Documents/Thesis_ImaSpe/Daniele_IS_Thesis/data/processed/11_S003.h5
11,S003,34,chiudere,21,61,384,256,/Users/dani/Documents/Thesis_ImaSpe/Daniele_IS_Thesis/data/processed/11_S003.h5
11,S003,35,buono,66,61,384,256,/Users/dani/Documents/Thesis_ImaSpe/Daniele_IS_Thesis/data/processed/11_S003.h5
11,S003,36,vecchio,73,61,384,256,/Users/dani/Documents/Thesis_ImaSpe/Daniele_IS_Thesis/data/processed/11_S003.h5
11,S003,37,morte,106,61,384,256,/Users/dani/Documents/Thesis_ImaSpe/Daniele_IS_Thesis/data/processed/11_S003.h5
11,S003,38,bisogno,85,61,384,256,/Users/dani/Documents/Thesis_ImaSpe/Daniele_IS_Thesis/data/processed/11_S003.h5
11,S003,39,essere,11,61,384,256,/Users/dani/Documents/Thesis_ImaSpe/Daniele_IS_Thesis/data/processed/11_S003.h5
11,S003,40,ansia,100,61,384,256,/Users/dani/Documents/Thesis_ImaSpe/Daniele_IS_Thesis/data/processed/11_S003.h5
11,S003,41,aspettare,2,61,384,256,/Users/dani/Documents/Thesis_ImaSpe/Daniele_IS_Thesis/data/processed/11_S003.h5
11,S003,42,aiuto,79,61,384,256,/Users/dani/Documents/Thesis_ImaSpe/Daniele_IS_Thesis/data/processed/11_S003.h5
11,S003,43,quindi,52,61,384,256,/Users/dani/Documents/Thesis_ImaSpe/Daniele_IS_Thesis/data/processed/11_S003.h5
11,S003,44,però,51,61,384,256,/Users/dani/Documents/Thesis_ImaSpe/Daniele_IS_Thesis/data/processed/11_S003.h5
11,S003,45,cosa,74,61,384,256,/Users/dani/Documents/Thesis_ImaSpe/Daniele_IS_Thesis/data/processed/11_S003.h5
11,S003,46,sapere,16,61,384,256,/Users/dani/Documents/Thesis_ImaSpe/Daniele_IS_Thesis/data/processed/11_S003.h5
11,S003,47,bere,23,61,384,256,/Users/dani/Documents/Thesis_ImaSpe/Daniele_IS_Thesis/data/processed/11_S003.h5
11,S003,48,trovare,18,61,384,256,/Users/dani/Documents/Thesis_ImaSpe/Daniele_IS_Thesis/data/processed/11_S003.h5
11,S003,49,ieri,45,61,384,256,/Users/dani/Documents/Thesis_ImaSpe/Daniele_IS_Thesis/data/processed/11_S003.h5
11,S003,50,spegnere,25,61,384,256,/Users/dani/Documents/Thesis_ImaSpe/Daniele_IS_Thesis/data/processed/11_S003.h5
11,S003,51,adesso,34,61,384,256,/Users/dani/Documents/Thesis_ImaSpe/Daniele_IS_Thesis/data/processed/11_S003.h5
11,S003,52,quello,65,61,384,256,/Users/dani/Documents/Thesis_ImaSpe/Daniele_IS_Thesis/data/processed/11_S003.h5
11,S003,53,avanti,41,61,384,256,/Users/dani/Documents/Thesis_ImaSpe/Daniele_IS_Thesis/data/processed/11_S003.h5
11,S003,54,macchina,91,61,384,256,/Users/dani/Documents/Thesis_ImaSpe/Daniele_IS_Thesis/data/processed/11_S003.h5
11,S003,55,problema,78,61,384,256,/Users/dani/Documents/Thesis_ImaSpe/Daniele_IS_Thesis/data/processed/11_S003.h5
11,S003,56,oppure,56,61,384,256,/Users/dani/Documents/Thesis_ImaSpe/Daniele_IS_Thesis/data/processed/11_S003.h5
11,S003,57,mettere,13,61,384,256,/Users/dani/Documents/Thesis_ImaSpe/Daniele_IS_Thesis/data/processed/11_S003.h5
11,S003,58,piccolo,71,61,384,256,/Users/dani/Documents/Thesis_ImaSpe/Daniele_IS_Thesis/data/processed/11_S003.h5
11,S003,59,loro,62,61,384,256,/Users/dani/Documents/Thesis_ImaSpe/Daniele_IS_Thesis/data/processed/11_S003.h5
11,S003,60,anno,76,61,384,256,/Users/dani/Documents/Thesis_ImaSpe/Daniele_IS_Thesis/data/processed/11_S003.h5
11,S003,61,tu,63,61,384,256,/Users/dani/Documents/Thesis_ImaSpe/Daniele_IS_Thesis/data/processed/11_S003.h5
11,S003,62,paura,99,61,384,256,/Users/dani/Documents/Thesis_ImaSpe/Daniele_IS_Thesis/data/processed/11_S003.h5
11,S003,63,quando,53,61,384,256,/Users/dani/Documents/Thesis_ImaSpe/Daniele_IS_Thesis/data/processed/11_S003.h5
11,S003,64,mangiare,22,61,384,256,/Users/dani/Documents/Thesis_ImaSpe/Daniele_IS_Thesis/data/processed/11_S003.h5
11,S003,65,noi,60,61,384,256,/Users/dani/Documents/Thesis_ImaSpe/Daniele_IS_Thesis/data/processed/11_S003.h5
11,S003,66,questo,64,61,384,256,/Users/dani/Documents/Thesis_ImaSpe/Daniele_IS_Thesis/data/processed/11_S003.h5
11,S003,67,telefono,94,61,384,256,/Users/dani/Documents/Thesis_ImaSpe/Daniele_IS_Thesis/data/processed/11_S003.h5
11,S003,68,domani,44,61,384,256,/Users/dani/Documents/Thesis_ImaSpe/Daniele_IS_Thesis/data/processed/11_S003.h5
11,S003,69,donna,86,61,384,256,/Users/dani/Documents/Thesis_ImaSpe/Daniele_IS_Thesis/data/processed/11_S003.h5
11,S003,70,io,57,61,384,256,/Users/dani/Documents/Thesis_ImaSpe/Daniele_IS_Thesis/data/processed/11_S003.h5
11,S003,71,molto,32,61,384,256,/Users/dani/Documents/Thesis_ImaSpe/Daniele_IS_Thesis/data/processed/11_S003.h5
11,S003,72,voi,61,61,384,256,/Users/dani/Documents/Thesis_ImaSpe/Daniele_IS_Thesis/data/processed/11_S003.h5
11,S003,73,cibo,84,61,384,256,/Users/dani/Documents/Thesis_ImaSpe/Daniele_IS_Thesis/data/processed/11_S003.h5
11,S003,74,si,28,61,384,256,/Users/dani/Documents/Thesis_ImaSpe/Daniele_IS_Thesis/data/processed/11_S003.h5
11,S003,75,venire,19,61,384,256,/Users/dani/Documents/Thesis_ImaSpe/Daniele_IS_Thesis/data/processed/11_S003.h5
11,S003,76,grande,70,61,384,256,/Users/dani/Documents/Thesis_ImaSpe/Daniele_IS_Thesis/data/processed/11_S003.h5
11,S003,77,gioia,101,61,384,256,/Users/dani/Documents/Thesis_ImaSpe/Daniele_IS_Thesis/data/processed/11_S003.h5
11,S003,78,tempo,80,61,384,256,/Users/dani/Documents/Thesis_ImaSpe/Daniele_IS_Thesis/data/processed/11_S003.h5
11,S003,79,prendere,15,61,384,256,/Users/dani/Documents/Thesis_ImaSpe/Daniele_IS_Thesis/data/processed/11_S003.h5
11,S003,80,forse,46,61,384,256,/Users/dani/Documents/Thesis_ImaSpe/Daniele_IS_Thesis/data/processed/11_S003.h5
11,S003,81,volere,26,61,384,256,/Users/dani/Documents/Thesis_ImaSpe/Daniele_IS_Thesis/data/processed/11_S003.h5
11,S003,82,no,29,61,384,256,/Users/dani/Documents/Thesis_ImaSpe/Daniele_IS_Thesis/data/processed/11_S003.h5
11,S003,83,sentire,17,61,384,256,/Users/dani/Documents/Thesis_ImaSpe/Daniele_IS_Thesis/data/processed/11_S003.h5
11,S003,84,destra,39,61,384,256,/Users/dani/Documents/Thesis_ImaSpe/Daniele_IS_Thesis/data/processed/11_S003.h5
11,S003,85,perchè,48,61,384,256,/Users/dani/Documents/Thesis_ImaSpe/Daniele_IS_Thesis/data/processed/11_S003.h5
11,S003,86,tristezza,103,61,384,256,/Users/dani/Documents/Thesis_ImaSpe/Daniele_IS_Thesis/data/processed/11_S003.h5
11,S003,87,dove,54,61,384,256,/Users/dani/Documents/Thesis_ImaSpe/Daniele_IS_Thesis/data/processed/11_S003.h5
11,S003,88,più,30,61,384,256,/Users/dani/Documents/Thesis_ImaSpe/Daniele_IS_Thesis/data/processed/11_S003.h5
11,S003,89,lavoro,81,61,384,256,/Users/dani/Documents/Thesis_ImaSpe/Daniele_IS_Thesis/data/processed/11_S003.h5
11,S003,90,potere,14,61,384,256,/Users/dani/Documents/Thesis_ImaSpe/Daniele_IS_Thesis/data/processed/11_S003.h5
11,S003,91,idea,90,61,384,256,/Users/dani/Documents/Thesis_ImaSpe/Daniele_IS_Thesis/data/processed/11_S003.h5
11,S003,92,sempre,33,61,384,256,/Users/dani/Documents/Thesis_ImaSpe/Daniele_IS_Thesis/data/processed/11_S003.h5
11,S003,93,uno,97,61,384,256,/Users/dani/Documents/Thesis_ImaSpe/Daniele_IS_Thesis/data/processed/11_S003.h5
11,S003,94,computer,95,61,384,256,/Users/dani/Documents/Thesis_ImaSpe/Daniele_IS_Thesis/data/processed/11_S003.h5
11,S003,95,uomo,87,61,384,256,/Users/dani/Documents/Thesis_ImaSpe/Daniele_IS_Thesis/data/processed/11_S003.h5
11,S003,96,felicità,102,61,384,256,/Users/dani/Documents/Thesis_ImaSpe/Daniele_IS_Thesis/data/processed/11_S003.h5
11,S003,97,prima,47,61,384,256,/Users/dani/Documents/Thesis_ImaSpe/Daniele_IS_Thesis/data/processed/11_S003.h5
11,S003,98,lei,59,61,384,256,/Users/dani/Documents/Thesis_ImaSpe/Daniele_IS_Thesis/data/processed/11_S003.h5
11,S003,99,acqua,83,61,384,256,/Users/dani/Documents/Thesis_ImaSpe/Daniele_IS_Thesis/data/processed/11_S003.h5
11,S003,100,bello,67,61,384,256,/Users/dani/Documents/Thesis_ImaSpe/Daniele_IS_Thesis/data/processed/11_S003.h5
11,S003,101,andare,1,61,384,256,/Users/dani/Documents/Thesis_ImaSpe/Daniele_IS_Thesis/data/processed/11_S003.h5
11,S003,102,amore,105,61,384,256,/Users/dani/Documents/Thesis_ImaSpe/Daniele_IS_Thesis/data/processed/11_S003.h5
11,S003,103,dire,9,61,384,256,/Users/dani/Documents/Thesis_ImaSpe/Daniele_IS_Thesis/data/processed/11_S003.h5
11,S003,104,oggi,43,61,384,256,/Users/dani/Documents/Thesis_ImaSpe/Daniele_IS_Thesis/data/processed/11_S003.h5
11,S003,105,male,36,61,384,256,/Users/dani/Documents/Thesis_ImaSpe/Daniele_IS_Thesis/data/processed/11_S003.h5
11,S003,106,capire,4,61,384,256,/Users/dani/Documents/Thesis_ImaSpe/Daniele_IS_Thesis/data/processed/11_S003.h5
11,S003,107,come,50,61,384,256,/Users/dani/Documents/Thesis_ImaSpe/Daniele_IS_Thesis/data/processed/11_S003.h5
11,S003,108,dovere,10,61,384,256,/Users/dani/Documents/Thesis_ImaSpe/Daniele_IS_Thesis/data/processed/11_S003.h5
11,S003,109,mano,92,61,384,256,/Users/dani/Documents/Thesis_ImaSpe/Daniele_IS_Thesis/data/processed/11_S003.h5
11,S003,110,sinistra,40,61,384,256,/Users/dani/Documents/Thesis_ImaSpe/Daniele_IS_Thesis/data/processed/11_S003.h5
11,S003,111,brutto,69,61,384,256,/Users/dani/Documents/Thesis_ImaSpe/Daniele_IS_Thesis/data/processed/11_S003.h5
11,S003,112,sopra,37,61,384,256,/Users/dani/Documents/Thesis_ImaSpe/Daniele_IS_Thesis/data/processed/11_S003.h5
11,S003,113,poco,31,61,384,256,/Users/dani/Documents/Thesis_ImaSpe/Daniele_IS_Thesis/data/processed/11_S003.h5
11,S003,114,conoscere,7,61,384,256,/Users/dani/Documents/Thesis_ImaSpe/Daniele_IS_Thesis/data/processed/11_S003.h5
11,S003,115,lui,58,61,384,256,/Users/dani/Documents/Thesis_ImaSpe/Daniele_IS_Thesis/data/processed/11_S003.h5
11,S003,116,dolore,108,61,384,256,/Users/dani/Documents/Thesis_ImaSpe/Daniele_IS_Thesis/data/processed/11_S003.h5
11,S003,117,indietro,42,61,384,256,/Users/dani/Documents/Thesis_ImaSpe/Daniele_IS_Thesis/data/processed/11_S003.h5
11,S003,118,bagno,107,61,384,256,/Users/dani/Documents/Thesis_ImaSpe/Daniele_IS_Thesis/data/processed/11_S003.h5
11,S003,119,sotto,38,61,384,256,/Users/dani/Documents/Thesis_ImaSpe/Daniele_IS_Thesis/data/processed/11_S003.h5
11,S003,120,casa,77,61,384,256,/Users/dani/Documents/Thesis_ImaSpe/Daniele_IS_Thesis/data/processed/11_S003.h5
11,S003,121,oggetto,93,61,384,256,/Users/dani/Documents/Thesis_ImaSpe/Daniele_IS_Thesis/data/processed/11_S003.h5
11,S003,122,mille,98,61,384,256,/Users/dani/Documents/Thesis_ImaSpe/Daniele_IS_Thesis/data/processed/11_S003.h5
11,S003,123,guerra,89,61,384,256,/Users/dani/Documents/Thesis_ImaSpe/Daniele_IS_Thesis/data/processed/11_S003.h5
11,S003,124,domanda,96,61,384,256,/Users/dani/Documents/Thesis_ImaSpe/Daniele_IS_Thesis/data/processed/11_S003.h5
11,S003,125,chiamare,5,61,384,256,/Users/dani/Documents/Thesis_ImaSpe/Daniele_IS_Thesis/data/processed/11_S003.h5
11,S003,126,riposo,109,61,384,256,/Users/dani/Documents/Thesis_ImaSpe/Daniele_IS_Thesis/data/processed/11_S003.h5
11,S003,127,anche,49,61,384,256,/Users/dani/Documents/Thesis_ImaSpe/Daniele_IS_Thesis/data/processed/11_S003.h5
11,S003,128,parte,75,61,384,256,/Users/dani/Documents/Thesis_ImaSpe/Daniele_IS_Thesis/data/processed/11_S003.h5
11,S003,129,persona,82,61,384,256,/Users/dani/Documents/Thesis_ImaSpe/Daniele_IS_Thesis/data/processed/11_S003.h5
11,S003,130,aprire,20,61,384,256,/Users/dani/Documents/Thesis_ImaSpe/Daniele_IS_Thesis/data/processed/11_S003.h5
11,S003,131,arrivare,0,61,384,256,/Users/dani/Documents/Thesis_ImaSpe/Daniele_IS_Thesis/data/processed/11_S003.h5
11,S003,132,chiedere,6,61,384,256,/Users/dani/Documents/Thesis_ImaSpe/Daniele_IS_Thesis/data/processed/11_S003.h5
11,S003,133,avere,3,61,384,256,/Users/dani/Documents/Thesis_ImaSpe/Daniele_IS_Thesis/data/processed/11_S003.h5
11,S003,134,poi,35,61,384,256,/Users/dani/Documents/Thesis_ImaSpe/Daniele_IS_Thesis/data/processed/11_S003.h5
11,S003,135,serenità,104,61,384,256,/Users/dani/Documents/Thesis_ImaSpe/Daniele_IS_Thesis/data/processed/11_S003.h5
11,S003,136,se,55,61,384,256,/Users/dani/Documents/Thesis_ImaSpe/Daniele_IS_Thesis/data/processed/11_S003.h5
11,S003,137,cattivo,68,61,384,256,/Users/dani/Documents/Thesis_ImaSpe/Daniele_IS_Thesis/data/processed/11_S003.h5
11,S003,138,gruppo,88,61,384,256,/Users/dani/Documents/Thesis_ImaSpe/Daniele_IS_Thesis/data/processed/11_S003.h5
11,S003,139,fare,12,61,384,256,/Users/dani/Documents/Thesis_ImaSpe/Daniele_IS_Thesis/data/processed/11_S003.h5
11,S003,140,nuovo,72,61,384,256,/Users/dani/Documents/Thesis_ImaSpe/Daniele_IS_Thesis/data/processed/11_S003.h5
11,S003,141,dare,8,61,384,256,/Users/dani/Documents/Thesis_ImaSpe/Daniele_IS_Thesis/data/processed/11_S003.h5
11,S003,142,bene,27,61,384,256,/Users/dani/Documents/Thesis_ImaSpe/Daniele_IS_Thesis/data/processed/11_S003.h5
11,S003,143,accendere,24,61,384,256,/Users/dani/Documents/Thesis_ImaSpe/Daniele_IS_Thesis/data/processed/11_S003.h5
11,S003,144,chiudere,21,61,384,256,/Users/dani/Documents/Thesis_ImaSpe/Daniele_IS_Thesis/data/processed/11_S003.h5
11,S003,145,buono,66,61,384,256,/Users/dani/Documents/Thesis_ImaSpe/Daniele_IS_Thesis/data/processed/11_S003.h5
11,S003,146,vecchio,73,61,384,256,/Users/dani/Documents/Thesis_ImaSpe/Daniele_IS_Thesis/data/processed/11_S003.h5
11,S003,147,morte,106,61,384,256,/Users/dani/Documents/Thesis_ImaSpe/Daniele_IS_Thesis/data/processed/11_S003.h5
11,S003,148,bisogno,85,61,384,256,/Users/dani/Documents/Thesis_ImaSpe/Daniele_IS_Thesis/data/processed/11_S003.h5
11,S003,149,essere,11,61,384,256,/Users/dani/Documents/Thesis_ImaSpe/Daniele_IS_Thesis/data/processed/11_S003.h5
11,S003,150,ansia,100,61,384,256,/Users/dani/Documents/Thesis_ImaSpe/Daniele_IS_Thesis/data/processed/11_S003.h5
11,S003,151,aspettare,2,61,384,256,/Users/dani/Documents/Thesis_ImaSpe/Daniele_IS_Thesis/data/processed/11_S003.h5
11,S003,152,aiuto,79,61,384,256,/Users/dani/Documents/Thesis_ImaSpe/Daniele_IS_Thesis/data/processed/11_S003.h5
11,S003,153,quindi,52,61,384,256,/Users/dani/Documents/Thesis_ImaSpe/Daniele_IS_Thesis/data/processed/11_S003.h5
11,S003,154,però,51,61,384,256,/Users/dani/Documents/Thesis_ImaSpe/Daniele_IS_Thesis/data/processed/11_S003.h5
11,S003,155,cosa,74,61,384,256,/Users/dani/Documents/Thesis_ImaSpe/Daniele_IS_Thesis/data/processed/11_S003.h5
11,S003,156,sapere,16,61,384,256,/Users/dani/Documents/Thesis_ImaSpe/Daniele_IS_Thesis/data/processed/11_S003.h5
11,S003,157,bere,23,61,384,256,/Users/dani/Documents/Thesis_ImaSpe/Daniele_IS_Thesis/data/processed/11_S003.h5
11,S003,158,trovare,18,61,384,256,/Users/dani/Documents/Thesis_ImaSpe/Daniele_IS_Thesis/data/processed/11_S003.h5
11,S003,159,ieri,45,61,384,256,/Users/dani/Documents/Thesis_ImaSpe/Daniele_IS_Thesis/data/processed/11_S003.h5
11,S003,160,spegnere,25,61,384,256,/Users/dani/Documents/Thesis_ImaSpe/Daniele_IS_Thesis/data/processed/11_S003.h5
11,S003,161,adesso,34,61,384,256,/Users/dani/Documents/Thesis_ImaSpe/Daniele_IS_Thesis/data/processed/11_S003.h5
11,S003,162,quello,65,61,384,256,/Users/dani/Documents/Thesis_ImaSpe/Daniele_IS_Thesis/data/processed/11_S003.h5
11,S003,163,avanti,41,61,384,256,/Users/dani/Documents/Thesis_ImaSpe/Daniele_IS_Thesis/data/processed/11_S003.h5
11,S003,164,macchina,91,61,384,256,/Users/dani/Documents/Thesis_ImaSpe/Daniele_IS_Thesis/data/processed/11_S003.h5
11,S003,165,problema,78,61,384,256,/Users/dani/Documents/Thesis_ImaSpe/Daniele_IS_Thesis/data/processed/11_S003.h5
11,S003,166,oppure,56,61,384,256,/Users/dani/Documents/Thesis_ImaSpe/Daniele_IS_Thesis/data/processed/11_S003.h5
11,S003,167,mettere,13,61,384,256,/Users/dani/Documents/Thesis_ImaSpe/Daniele_IS_Thesis/data/processed/11_S003.h5
11,S003,168,piccolo,71,61,384,256,/Users/dani/Documents/Thesis_ImaSpe/Daniele_IS_Thesis/data/processed/11_S003.h5
11,S003,169,loro,62,61,384,256,/Users/dani/Documents/Thesis_ImaSpe/Daniele_IS_Thesis/data/processed/11_S003.h5
11,S003,170,anno,76,61,384,256,/Users/dani/Documents/Thesis_ImaSpe/Daniele_IS_Thesis/data/processed/11_S003.h5
11,S003,171,tu,63,61,384,256,/Users/dani/Documents/Thesis_ImaSpe/Daniele_IS_Thesis/data/processed/11_S003.h5
11,S003,172,paura,99,61,384,256,/Users/dani/Documents/Thesis_ImaSpe/Daniele_IS_Thesis/data/processed/11_S003.h5
11,S003,173,quando,53,61,384,256,/Users/dani/Documents/Thesis_ImaSpe/Daniele_IS_Thesis/data/processed/11_S003.h5
11,S003,174,mangiare,22,61,384,256,/Users/dani/Documents/Thesis_ImaSpe/Daniele_IS_Thesis/data/processed/11_S003.h5
11,S003,175,noi,60,61,384,256,/Users/dani/Documents/Thesis_ImaSpe/Daniele_IS_Thesis/data/processed/11_S003.h5
11,S003,176,questo,64,61,384,256,/Users/dani/Documents/Thesis_ImaSpe/Daniele_IS_Thesis/data/processed/11_S003.h5
11,S003,177,telefono,94,61,384,256,/Users/dani/Documents/Thesis_ImaSpe/Daniele_IS_Thesis/data/processed/11_S003.h5
11,S003,178,domani,44,61,384,256,/Users/dani/Documents/Thesis_ImaSpe/Daniele_IS_Thesis/data/processed/11_S003.h5
11,S003,179,donna,86,61,384,256,/Users/dani/Documents/Thesis_ImaSpe/Daniele_IS_Thesis/data/processed/11_S003.h5
11,S003,180,io,57,61,384,256,/Users/dani/Documents/Thesis_ImaSpe/Daniele_IS_Thesis/data/processed/11_S003.h5
11,S003,181,molto,32,61,384,256,/Users/dani/Documents/Thesis_ImaSpe/Daniele_IS_Thesis/data/processed/11_S003.h5
11,S003,182,voi,61,61,384,256,/Users/dani/Documents/Thesis_ImaSpe/Daniele_IS_Thesis/data/processed/11_S003.h5
11,S003,183,cibo,84,61,384,256,/Users/dani/Documents/Thesis_ImaSpe/Daniele_IS_Thesis/data/processed/11_S003.h5
11,S003,184,si,28,61,384,256,/Users/dani/Documents/Thesis_ImaSpe/Daniele_IS_Thesis/data/processed/11_S003.h5
11,S003,185,venire,19,61,384,256,/Users/dani/Documents/Thesis_ImaSpe/Daniele_IS_Thesis/data/processed/11_S003.h5
11,S003,186,grande,70,61,384,256,/Users/dani/Documents/Thesis_ImaSpe/Daniele_IS_Thesis/data/processed/11_S003.h5
11,S003,187,gioia,101,61,384,256,/Users/dani/Documents/Thesis_ImaSpe/Daniele_IS_Thesis/data/processed/11_S003.h5
11,S003,188,tempo,80,61,384,256,/Users/dani/Documents/Thesis_ImaSpe/Daniele_IS_Thesis/data/processed/11_S003.h5
11,S003,189,prendere,15,61,384,256,/Users/dani/Documents/Thesis_ImaSpe/Daniele_IS_Thesis/data/processed/11_S003.h5
11,S003,190,forse,46,61,384,256,/Users/dani/Documents/Thesis_ImaSpe/Daniele_IS_Thesis/data/processed/11_S003.h5
11,S003,191,volere,26,61,384,256,/Users/dani/Documents/Thesis_ImaSpe/Daniele_IS_Thesis/data/processed/11_S003.h5
11,S003,192,no,29,61,384,256,/Users/dani/Documents/Thesis_ImaSpe/Daniele_IS_Thesis/data/processed/11_S003.h5
11,S003,193,sentire,17,61,384,256,/Users/dani/Documents/Thesis_ImaSpe/Daniele_IS_Thesis/data/processed/11_S003.h5
11,S003,194,destra,39,61,384,256,/Users/dani/Documents/Thesis_ImaSpe/Daniele_IS_Thesis/data/processed/11_S003.h5
11,S003,195,perchè,48,61,384,256,/Users/dani/Documents/Thesis_ImaSpe/Daniele_IS_Thesis/data/processed/11_S003.h5
11,S003,196,tristezza,103,61,384,256,/Users/dani/Documents/Thesis_ImaSpe/Daniele_IS_Thesis/data/processed/11_S003.h5
11,S003,197,dove,54,61,384,256,/Users/dani/Documents/Thesis_ImaSpe/Daniele_IS_Thesis/data/processed/11_S003.h5
11,S003,198,più,30,61,384,256,/Users/dani/Documents/Thesis_ImaSpe/Daniele_IS_Thesis/data/processed/11_S003.h5
11,S003,199,lavoro,81,61,384,256,/Users/dani/Documents/Thesis_ImaSpe/Daniele_IS_Thesis/data/processed/11_S003.h5
11,S003,200,potere,14,61,384,256,/Users/dani/Documents/Thesis_ImaSpe/Daniele_IS_Thesis/data/processed/11_S003.h5
11,S003,201,idea,90,61,384,256,/Users/dani/Documents/Thesis_ImaSpe/Daniele_IS_Thesis/data/processed/11_S003.h5
11,S003,202,sempre,33,61,384,256,/Users/dani/Documents/Thesis_ImaSpe/Daniele_IS_Thesis/data/processed/11_S003.h5
11,S003,203,uno,97,61,384,256,/Users/dani/Documents/Thesis_ImaSpe/Daniele_IS_Thesis/data/processed/11_S003.h5
11,S003,204,computer,95,61,384,256,/Users/dani/Documents/Thesis_ImaSpe/Daniele_IS_Thesis/data/processed/11_S003.h5
11,S003,205,uomo,87,61,384,256,/Users/dani/Documents/Thesis_ImaSpe/Daniele_IS_Thesis/data/processed/11_S003.h5
11,S003,206,felicità,102,61,384,256,/Users/dani/Documents/Thesis_ImaSpe/Daniele_IS_Thesis/data/processed/11_S003.h5
11,S003,207,prima,47,61,384,256,/Users/dani/Documents/Thesis_ImaSpe/Daniele_IS_Thesis/data/processed/11_S003.h5
11,S003,208,lei,59,61,384,256,/Users/dani/Documents/Thesis_ImaSpe/Daniele_IS_Thesis/data/processed/11_S003.h5
11,S003,209,acqua,83,61,384,256,/Users/dani/Documents/Thesis_ImaSpe/Daniele_IS_Thesis/data/processed/11_S003.h5
11,S003,210,bello,67,61,384,256,/Users/dani/Documents/Thesis_ImaSpe/Daniele_IS_Thesis/data/processed/11_S003.h5
11,S003,211,andare,1,61,384,256,/Users/dani/Documents/Thesis_ImaSpe/Daniele_IS_Thesis/data/processed/11_S003.h5
11,S003,212,amore,105,61,384,256,/Users/dani/Documents/Thesis_ImaSpe/Daniele_IS_Thesis/data/processed/11_S003.h5
11,S003,213,dire,9,61,384,256,/Users/dani/Documents/Thesis_ImaSpe/Daniele_IS_Thesis/data/processed/11_S003.h5
11,S003,214,oggi,43,61,384,256,/Users/dani/Documents/Thesis_ImaSpe/Daniele_IS_Thesis/data/processed/11_S003.h5
11,S003,215,male,36,61,384,256,/Users/dani/Documents/Thesis_ImaSpe/Daniele_IS_Thesis/data/processed/11_S003.h5
11,S003,216,capire,4,61,384,256,/Users/dani/Documents/Thesis_ImaSpe/Daniele_IS_Thesis/data/processed/11_S003.h5
11,S003,217,come,50,61,384,256,/Users/dani/Documents/Thesis_ImaSpe/Daniele_IS_Thesis/data/processed/11_S003.h5
11,S003,218,dovere,10,61,384,256,/Users/dani/Documents/Thesis_ImaSpe/Daniele_IS_Thesis/data/processed/11_S003.h5
11,S003,219,mano,92,61,384,256,/Users/dani/Documents/Thesis_ImaSpe/Daniele_IS_Thesis/data/processed/11_S003.h5
11,S004,0,forse,46,61,384,256,/Users/dani/Documents/Thesis_ImaSpe/Daniele_IS_Thesis/data/processed/11_S004.h5
11,S004,1,idea,90,61,384,256,/Users/dani/Documents/Thesis_ImaSpe/Daniele_IS_Thesis/data/processed/11_S004.h5
11,S004,2,quando,53,61,384,256,/Users/dani/Documents/Thesis_ImaSpe/Daniele_IS_Thesis/data/processed/11_S004.h5
11,S004,3,chiamare,5,61,384,256,/Users/dani/Documents/Thesis_ImaSpe/Daniele_IS_Thesis/data/processed/11_S004.h5
11,S004,4,no,29,61,384,256,/Users/dani/Documents/Thesis_ImaSpe/Daniele_IS_Thesis/data/processed/11_S004.h5
11,S004,5,dolore,108,61,384,256,/Users/dani/Documents/Thesis_ImaSpe/Daniele_IS_Thesis/data/processed/11_S004.h5
11,S004,6,mille,98,61,384,256,/Users/dani/Documents/Thesis_ImaSpe/Daniele_IS_Thesis/data/processed/11_S004.h5
11,S004,7,uno,97,61,384,256,/Users/dani/Documents/Thesis_ImaSpe/Daniele_IS_Thesis/data/processed/11_S004.h5
11,S004,8,riposo,109,61,384,256,/Users/dani/Documents/Thesis_ImaSpe/Daniele_IS_Thesis/data/processed/11_S004.h5
11,S004,9,bisogno,85,61,384,256,/Users/dani/Documents/Thesis_ImaSpe/Daniele_IS_Thesis/data/processed/11_S004.h5
11,S004,10,chiudere,21,61,384,256,/Users/dani/Documents/Thesis_ImaSpe/Daniele_IS_Thesis/data/processed/11_S004.h5
11,S004,11,come,50,61,384,256,/Users/dani/Documents/Thesis_ImaSpe/Daniele_IS_Thesis/data/processed/11_S004.h5
11,S004,12,voi,61,61,384,256,/Users/dani/Documents/Thesis_ImaSpe/Daniele_IS_Thesis/data/processed/11_S004.h5
11,S004,13,lavoro,81,61,384,256,/Users/dani/Documents/Thesis_ImaSpe/Daniele_IS_Thesis/data/processed/11_S004.h5
11,S004,14,io,57,61,384,256,/Users/dani/Documents/Thesis_ImaSpe/Daniele_IS_Thesis/data/processed/11_S004.h5
11,S004,15,venire,19,61,384,256,/Users/dani/Documents/Thesis_ImaSpe/Daniele_IS_Thesis/data/processed/11_S004.h5
11,S004,16,più,30,61,384,256,/Users/dani/Documents/Thesis_ImaSpe/Daniele_IS_Thesis/data/processed/11_S004.h5
11,S004,17,parte,75,61,384,256,/Users/dani/Documents/Thesis_ImaSpe/Daniele_IS_Thesis/data/processed/11_S004.h5
11,S004,18,serenità,104,61,384,256,/Users/dani/Documents/Thesis_ImaSpe/Daniele_IS_Thesis/data/processed/11_S004.h5
11,S004,19,oggetto,93,61,384,256,/Users/dani/Documents/Thesis_ImaSpe/Daniele_IS_Thesis/data/processed/11_S004.h5
11,S004,20,guerra,89,61,384,256,/Users/dani/Documents/Thesis_ImaSpe/Daniele_IS_Thesis/data/processed/11_S004.h5
11,S004,21,uomo,87,61,384,256,/Users/dani/Documents/Thesis_ImaSpe/Daniele_IS_Thesis/data/processed/11_S004.h5
11,S004,22,acqua,83,61,384,256,/Users/dani/Documents/Thesis_ImaSpe/Daniele_IS_Thesis/data/processed/11_S004.h5
11,S004,23,questo,64,61,384,256,/Users/dani/Documents/Thesis_ImaSpe/Daniele_IS_Thesis/data/processed/11_S004.h5
11,S004,24,dare,8,61,384,256,/Users/dani/Documents/Thesis_ImaSpe/Daniele_IS_Thesis/data/processed/11_S004.h5
11,S004,25,oggi,43,61,384,256,/Users/dani/Documents/Thesis_ImaSpe/Daniele_IS_Thesis/data/processed/11_S004.h5
11,S004,26,lei,59,61,384,256,/Users/dani/Documents/Thesis_ImaSpe/Daniele_IS_Thesis/data/processed/11_S004.h5
11,S004,27,bello,67,61,384,256,/Users/dani/Documents/Thesis_ImaSpe/Daniele_IS_Thesis/data/processed/11_S004.h5
11,S004,28,sentire,17,61,384,256,/Users/dani/Documents/Thesis_ImaSpe/Daniele_IS_Thesis/data/processed/11_S004.h5
11,S004,29,andare,1,61,384,256,/Users/dani/Documents/Thesis_ImaSpe/Daniele_IS_Thesis/data/processed/11_S004.h5
11,S004,30,mano,92,61,384,256,/Users/dani/Documents/Thesis_ImaSpe/Daniele_IS_Thesis/data/processed/11_S004.h5
11,S004,31,prendere,15,61,384,256,/Users/dani/Documents/Thesis_ImaSpe/Daniele_IS_Thesis/data/processed/11_S004.h5
11,S004,32,sempre,33,61,384,256,/Users/dani/Documents/Thesis_ImaSpe/Daniele_IS_Thesis/data/processed/11_S004.h5
11,S004,33,conoscere,7,61,384,256,/Users/dani/Documents/Thesis_ImaSpe/Daniele_IS_Thesis/data/processed/11_S004.h5
11,S004,34,spegnere,25,61,384,256,/Users/dani/Documents/Thesis_ImaSpe/Daniele_IS_Thesis/data/processed/11_S004.h5
11,S004,35,computer,95,61,384,256,/Users/dani/Documents/Thesis_ImaSpe/Daniele_IS_Thesis/data/processed/11_S004.h5
11,S004,36,prima,47,61,384,256,/Users/dani/Documents/Thesis_ImaSpe/Daniele_IS_Thesis/data/processed/11_S004.h5
11,S004,37,brutto,69,61,384,256,/Users/dani/Documents/Thesis_ImaSpe/Daniele_IS_Thesis/data/processed/11_S004.h5
11,S004,38,telefono,94,61,384,256,/Users/dani/Documents/Thesis_ImaSpe/Daniele_IS_Thesis/data/processed/11_S004.h5
11,S004,39,sinistra,40,61,384,256,/Users/dani/Documents/Thesis_ImaSpe/Daniele_IS_Thesis/data/processed/11_S004.h5
11,S004,40,cibo,84,61,384,256,/Users/dani/Documents/Thesis_ImaSpe/Daniele_IS_Thesis/data/processed/11_S004.h5
11,S004,41,aiuto,79,61,384,256,/Users/dani/Documents/Thesis_ImaSpe/Daniele_IS_Thesis/data/processed/11_S004.h5
11,S004,42,oppure,56,61,384,256,/Users/dani/Documents/Thesis_ImaSpe/Daniele_IS_Thesis/data/processed/11_S004.h5
11,S004,43,quello,65,61,384,256,/Users/dani/Documents/Thesis_ImaSpe/Daniele_IS_Thesis/data/processed/11_S004.h5
11,S004,44,trovare,18,61,384,256,/Users/dani/Documents/Thesis_ImaSpe/Daniele_IS_Thesis/data/processed/11_S004.h5
11,S004,45,anno,76,61,384,256,/Users/dani/Documents/Thesis_ImaSpe/Daniele_IS_Thesis/data/processed/11_S004.h5
11,S004,46,chiedere,6,61,384,256,/Users/dani/Documents/Thesis_ImaSpe/Daniele_IS_Thesis/data/processed/11_S004.h5
11,S004,47,problema,78,61,384,256,/Users/dani/Documents/Thesis_ImaSpe/Daniele_IS_Thesis/data/processed/11_S004.h5
11,S004,48,cosa,74,61,384,256,/Users/dani/Documents/Thesis_ImaSpe/Daniele_IS_Thesis/data/processed/11_S004.h5
11,S004,49,accendere,24,61,384,256,/Users/dani/Documents/Thesis_ImaSpe/Daniele_IS_Thesis/data/processed/11_S004.h5
11,S004,50,bere,23,61,384,256,/Users/dani/Documents/Thesis_ImaSpe/Daniele_IS_Thesis/data/processed/11_S004.h5
11,S004,51,molto,32,61,384,256,/Users/dani/Documents/Thesis_ImaSpe/Daniele_IS_Thesis/data/processed/11_S004.h5
11,S004,52,vecchio,73,61,384,256,/Users/dani/Documents/Thesis_ImaSpe/Daniele_IS_Thesis/data/processed/11_S004.h5
11,S004,53,volere,26,61,384,256,/Users/dani/Documents/Thesis_ImaSpe/Daniele_IS_Thesis/data/processed/11_S004.h5
11,S004,54,avanti,41,61,384,256,/Users/dani/Documents/Thesis_ImaSpe/Daniele_IS_Thesis/data/processed/11_S004.h5
11,S004,55,casa,77,61,384,256,/Users/dani/Documents/Thesis_ImaSpe/Daniele_IS_Thesis/data/processed/11_S004.h5
11,S004,56,domani,44,61,384,256,/Users/dani/Documents/Thesis_ImaSpe/Daniele_IS_Thesis/data/processed/11_S004.h5
11,S004,57,mettere,13,61,384,256,/Users/dani/Documents/Thesis_ImaSpe/Daniele_IS_Thesis/data/processed/11_S004.h5
11,S004,58,male,36,61,384,256,/Users/dani/Documents/Thesis_ImaSpe/Daniele_IS_Thesis/data/processed/11_S004.h5
11,S004,59,però,51,61,384,256,/Users/dani/Documents/Thesis_ImaSpe/Daniele_IS_Thesis/data/processed/11_S004.h5
11,S004,60,donna,86,61,384,256,/Users/dani/Documents/Thesis_ImaSpe/Daniele_IS_Thesis/data/processed/11_S004.h5
11,S004,61,aspettare,2,61,384,256,/Users/dani/Documents/Thesis_ImaSpe/Daniele_IS_Thesis/data/processed/11_S004.h5
11,S004,62,tristezza,103,61,384,256,/Users/dani/Documents/Thesis_ImaSpe/Daniele_IS_Thesis/data/processed/11_S004.h5
11,S004,63,dove,54,61,384,256,/Users/dani/Documents/Thesis_ImaSpe/Daniele_IS_Thesis/data/processed/11_S004.h5
11,S004,64,sotto,38,61,384,256,/Users/dani/Documents/Thesis_ImaSpe/Daniele_IS_Thesis/data/processed/11_S004.h5
11,S004,65,anche,49,61,384,256,/Users/dani/Documents/Thesis_ImaSpe/Daniele_IS_Thesis/data/processed/11_S004.h5
11,S004,66,capire,4,61,384,256,/Users/dani/Documents/Thesis_ImaSpe/Daniele_IS_Thesis/data/processed/11_S004.h5
11,S004,67,ieri,45,61,384,256,/Users/dani/Documents/Thesis_ImaSpe/Daniele_IS_Thesis/data/processed/11_S004.h5
11,S004,68,destra,39,61,384,256,/Users/dani/Documents/Thesis_ImaSpe/Daniele_IS_Thesis/data/processed/11_S004.h5
11,S004,69,dovere,10,61,384,256,/Users/dani/Documents/Thesis_ImaSpe/Daniele_IS_Thesis/data/processed/11_S004.h5
11,S004,70,se,55,61,384,256,/Users/dani/Documents/Thesis_ImaSpe/Daniele_IS_Thesis/data/processed/11_S004.h5
11,S004,71,domanda,96,61,384,256,/Users/dani/Documents/Thesis_ImaSpe/Daniele_IS_Thesis/data/processed/11_S004.h5
11,S004,72,ansia,100,61,384,256,/Users/dani/Documents/Thesis_ImaSpe/Daniele_IS_Thesis/data/processed/11_S004.h5
11,S004,73,grande,70,61,384,256,/Users/dani/Documents/Thesis_ImaSpe/Daniele_IS_Thesis/data/processed/11_S004.h5
11,S004,74,poi,35,61,384,256,/Users/dani/Documents/Thesis_ImaSpe/Daniele_IS_Thesis/data/processed/11_S004.h5
11,S004,75,dire,9,61,384,256,/Users/dani/Documents/Thesis_ImaSpe/Daniele_IS_Thesis/data/processed/11_S004.h5
11,S004,76,nuovo,72,61,384,256,/Users/dani/Documents/Thesis_ImaSpe/Daniele_IS_Thesis/data/processed/11_S004.h5
11,S004,77,aprire,20,61,384,256,/Users/dani/Documents/Thesis_ImaSpe/Daniele_IS_Thesis/data/processed/11_S004.h5
11,S004,78,sopra,37,61,384,256,/Users/dani/Documents/Thesis_ImaSpe/Daniele_IS_Thesis/data/processed/11_S004.h5
11,S004,79,bagno,107,61,384,256,/Users/dani/Documents/Thesis_ImaSpe/Daniele_IS_Thesis/data/processed/11_S004.h5
11,S004,80,tempo,80,61,384,256,/Users/dani/Documents/Thesis_ImaSpe/Daniele_IS_Thesis/data/processed/11_S004.h5
11,S004,81,lui,58,61,384,256,/Users/dani/Documents/Thesis_ImaSpe/Daniele_IS_Thesis/data/processed/11_S004.h5
11,S004,82,buono,66,61,384,256,/Users/dani/Documents/Thesis_ImaSpe/Daniele_IS_Thesis/data/processed/11_S004.h5
11,S004,83,avere,3,61,384,256,/Users/dani/Documents/Thesis_ImaSpe/Daniele_IS_Thesis/data/processed/11_S004.h5
11,S004,84,potere,14,61,384,256,/Users/dani/Documents/Thesis_ImaSpe/Daniele_IS_Thesis/data/processed/11_S004.h5
11,S004,85,poco,31,61,384,256,/Users/dani/Documents/Thesis_ImaSpe/Daniele_IS_Thesis/data/processed/11_S004.h5
11,S004,86,persona,82,61,384,256,/Users/dani/Documents/Thesis_ImaSpe/Daniele_IS_Thesis/data/processed/11_S004.h5
11,S004,87,sapere,16,61,384,256,/Users/dani/Documents/Thesis_ImaSpe/Daniele_IS_Thesis/data/processed/11_S004.h5
11,S004,88,gioia,101,61,384,256,/Users/dani/Documents/Thesis_ImaSpe/Daniele_IS_Thesis/data/processed/11_S004.h5
11,S004,89,gruppo,88,61,384,256,/Users/dani/Documents/Thesis_ImaSpe/Daniele_IS_Thesis/data/processed/11_S004.h5
11,S004,90,si,28,61,384,256,/Users/dani/Documents/Thesis_ImaSpe/Daniele_IS_Thesis/data/processed/11_S004.h5
11,S004,91,piccolo,71,61,384,256,/Users/dani/Documents/Thesis_ImaSpe/Daniele_IS_Thesis/data/processed/11_S004.h5
11,S004,92,mangiare,22,61,384,256,/Users/dani/Documents/Thesis_ImaSpe/Daniele_IS_Thesis/data/processed/11_S004.h5
11,S004,93,indietro,42,61,384,256,/Users/dani/Documents/Thesis_ImaSpe/Daniele_IS_Thesis/data/processed/11_S004.h5
11,S004,94,noi,60,61,384,256,/Users/dani/Documents/Thesis_ImaSpe/Daniele_IS_Thesis/data/processed/11_S004.h5
11,S004,95,macchina,91,61,384,256,/Users/dani/Documents/Thesis_ImaSpe/Daniele_IS_Thesis/data/processed/11_S004.h5
11,S004,96,felicità,102,61,384,256,/Users/dani/Documents/Thesis_ImaSpe/Daniele_IS_Thesis/data/processed/11_S004.h5
11,S004,97,adesso,34,61,384,256,/Users/dani/Documents/Thesis_ImaSpe/Daniele_IS_Thesis/data/processed/11_S004.h5
11,S004,98,perchè,48,61,384,256,/Users/dani/Documents/Thesis_ImaSpe/Daniele_IS_Thesis/data/processed/11_S004.h5
11,S004,99,amore,105,61,384,256,/Users/dani/Documents/Thesis_ImaSpe/Daniele_IS_Thesis/data/processed/11_S004.h5
11,S004,100,loro,62,61,384,256,/Users/dani/Documents/Thesis_ImaSpe/Daniele_IS_Thesis/data/processed/11_S004.h5
11,S004,101,paura,99,61,384,256,/Users/dani/Documents/Thesis_ImaSpe/Daniele_IS_Thesis/data/processed/11_S004.h5
11,S004,102,tu,63,61,384,256,/Users/dani/Documents/Thesis_ImaSpe/Daniele_IS_Thesis/data/processed/11_S004.h5
11,S004,103,cattivo,68,61,384,256,/Users/dani/Documents/Thesis_ImaSpe/Daniele_IS_Thesis/data/processed/11_S004.h5
11,S004,104,essere,11,61,384,256,/Users/dani/Documents/Thesis_ImaSpe/Daniele_IS_Thesis/data/processed/11_S004.h5
11,S004,105,quindi,52,61,384,256,/Users/dani/Documents/Thesis_ImaSpe/Daniele_IS_Thesis/data/processed/11_S004.h5
11,S004,106,morte,106,61,384,256,/Users/dani/Documents/Thesis_ImaSpe/Daniele_IS_Thesis/data/processed/11_S004.h5
11,S004,107,arrivare,0,61,384,256,/Users/dani/Documents/Thesis_ImaSpe/Daniele_IS_Thesis/data/processed/11_S004.h5
11,S004,108,fare,12,61,384,256,/Users/dani/Documents/Thesis_ImaSpe/Daniele_IS_Thesis/data/processed/11_S004.h5
11,S004,109,bene,27,61,384,256,/Users/dani/Documents/Thesis_ImaSpe/Daniele_IS_Thesis/data/processed/11_S004.h5
11,S004,110,forse,46,61,384,256,/Users/dani/Documents/Thesis_ImaSpe/Daniele_IS_Thesis/data/processed/11_S004.h5
11,S004,111,idea,90,61,384,256,/Users/dani/Documents/Thesis_ImaSpe/Daniele_IS_Thesis/data/processed/11_S004.h5
11,S004,112,quando,53,61,384,256,/Users/dani/Documents/Thesis_ImaSpe/Daniele_IS_Thesis/data/processed/11_S004.h5
11,S004,113,chiamare,5,61,384,256,/Users/dani/Documents/Thesis_ImaSpe/Daniele_IS_Thesis/data/processed/11_S004.h5
11,S004,114,no,29,61,384,256,/Users/dani/Documents/Thesis_ImaSpe/Daniele_IS_Thesis/data/processed/11_S004.h5
11,S004,115,dolore,108,61,384,256,/Users/dani/Documents/Thesis_ImaSpe/Daniele_IS_Thesis/data/processed/11_S004.h5
11,S004,116,mille,98,61,384,256,/Users/dani/Documents/Thesis_ImaSpe/Daniele_IS_Thesis/data/processed/11_S004.h5
11,S004,117,uno,97,61,384,256,/Users/dani/Documents/Thesis_ImaSpe/Daniele_IS_Thesis/data/processed/11_S004.h5
11,S004,118,riposo,109,61,384,256,/Users/dani/Documents/Thesis_ImaSpe/Daniele_IS_Thesis/data/processed/11_S004.h5
11,S004,119,bisogno,85,61,384,256,/Users/dani/Documents/Thesis_ImaSpe/Daniele_IS_Thesis/data/processed/11_S004.h5
11,S004,120,chiudere,21,61,384,256,/Users/dani/Documents/Thesis_ImaSpe/Daniele_IS_Thesis/data/processed/11_S004.h5
11,S004,121,come,50,61,384,256,/Users/dani/Documents/Thesis_ImaSpe/Daniele_IS_Thesis/data/processed/11_S004.h5
11,S004,122,voi,61,61,384,256,/Users/dani/Documents/Thesis_ImaSpe/Daniele_IS_Thesis/data/processed/11_S004.h5
11,S004,123,lavoro,81,61,384,256,/Users/dani/Documents/Thesis_ImaSpe/Daniele_IS_Thesis/data/processed/11_S004.h5
11,S004,124,io,57,61,384,256,/Users/dani/Documents/Thesis_ImaSpe/Daniele_IS_Thesis/data/processed/11_S004.h5
11,S004,125,venire,19,61,384,256,/Users/dani/Documents/Thesis_ImaSpe/Daniele_IS_Thesis/data/processed/11_S004.h5
11,S004,126,più,30,61,384,256,/Users/dani/Documents/Thesis_ImaSpe/Daniele_IS_Thesis/data/processed/11_S004.h5
11,S004,127,parte,75,61,384,256,/Users/dani/Documents/Thesis_ImaSpe/Daniele_IS_Thesis/data/processed/11_S004.h5
11,S004,128,serenità,104,61,384,256,/Users/dani/Documents/Thesis_ImaSpe/Daniele_IS_Thesis/data/processed/11_S004.h5
11,S004,129,oggetto,93,61,384,256,/Users/dani/Documents/Thesis_ImaSpe/Daniele_IS_Thesis/data/processed/11_S004.h5
11,S004,130,guerra,89,61,384,256,/Users/dani/Documents/Thesis_ImaSpe/Daniele_IS_Thesis/data/processed/11_S004.h5
11,S004,131,uomo,87,61,384,256,/Users/dani/Documents/Thesis_ImaSpe/Daniele_IS_Thesis/data/processed/11_S004.h5
11,S004,132,acqua,83,61,384,256,/Users/dani/Documents/Thesis_ImaSpe/Daniele_IS_Thesis/data/processed/11_S004.h5
11,S004,133,questo,64,61,384,256,/Users/dani/Documents/Thesis_ImaSpe/Daniele_IS_Thesis/data/processed/11_S004.h5
11,S004,134,dare,8,61,384,256,/Users/dani/Documents/Thesis_ImaSpe/Daniele_IS_Thesis/data/processed/11_S004.h5
11,S004,135,oggi,43,61,384,256,/Users/dani/Documents/Thesis_ImaSpe/Daniele_IS_Thesis/data/processed/11_S004.h5
11,S004,136,lei,59,61,384,256,/Users/dani/Documents/Thesis_ImaSpe/Daniele_IS_Thesis/data/processed/11_S004.h5
11,S004,137,bello,67,61,384,256,/Users/dani/Documents/Thesis_ImaSpe/Daniele_IS_Thesis/data/processed/11_S004.h5
11,S004,138,sentire,17,61,384,256,/Users/dani/Documents/Thesis_ImaSpe/Daniele_IS_Thesis/data/processed/11_S004.h5
11,S004,139,andare,1,61,384,256,/Users/dani/Documents/Thesis_ImaSpe/Daniele_IS_Thesis/data/processed/11_S004.h5
11,S004,140,mano,92,61,384,256,/Users/dani/Documents/Thesis_ImaSpe/Daniele_IS_Thesis/data/processed/11_S004.h5
11,S004,141,prendere,15,61,384,256,/Users/dani/Documents/Thesis_ImaSpe/Daniele_IS_Thesis/data/processed/11_S004.h5
11,S004,142,sempre,33,61,384,256,/Users/dani/Documents/Thesis_ImaSpe/Daniele_IS_Thesis/data/processed/11_S004.h5
11,S004,143,conoscere,7,61,384,256,/Users/dani/Documents/Thesis_ImaSpe/Daniele_IS_Thesis/data/processed/11_S004.h5
11,S004,144,spegnere,25,61,384,256,/Users/dani/Documents/Thesis_ImaSpe/Daniele_IS_Thesis/data/processed/11_S004.h5
11,S004,145,computer,95,61,384,256,/Users/dani/Documents/Thesis_ImaSpe/Daniele_IS_Thesis/data/processed/11_S004.h5
11,S004,146,prima,47,61,384,256,/Users/dani/Documents/Thesis_ImaSpe/Daniele_IS_Thesis/data/processed/11_S004.h5
11,S004,147,brutto,69,61,384,256,/Users/dani/Documents/Thesis_ImaSpe/Daniele_IS_Thesis/data/processed/11_S004.h5
11,S004,148,telefono,94,61,384,256,/Users/dani/Documents/Thesis_ImaSpe/Daniele_IS_Thesis/data/processed/11_S004.h5
11,S004,149,sinistra,40,61,384,256,/Users/dani/Documents/Thesis_ImaSpe/Daniele_IS_Thesis/data/processed/11_S004.h5
11,S004,150,cibo,84,61,384,256,/Users/dani/Documents/Thesis_ImaSpe/Daniele_IS_Thesis/data/processed/11_S004.h5
11,S004,151,aiuto,79,61,384,256,/Users/dani/Documents/Thesis_ImaSpe/Daniele_IS_Thesis/data/processed/11_S004.h5
11,S004,152,oppure,56,61,384,256,/Users/dani/Documents/Thesis_ImaSpe/Daniele_IS_Thesis/data/processed/11_S004.h5
11,S004,153,quello,65,61,384,256,/Users/dani/Documents/Thesis_ImaSpe/Daniele_IS_Thesis/data/processed/11_S004.h5
11,S004,154,trovare,18,61,384,256,/Users/dani/Documents/Thesis_ImaSpe/Daniele_IS_Thesis/data/processed/11_S004.h5
11,S004,155,anno,76,61,384,256,/Users/dani/Documents/Thesis_ImaSpe/Daniele_IS_Thesis/data/processed/11_S004.h5
11,S004,156,chiedere,6,61,384,256,/Users/dani/Documents/Thesis_ImaSpe/Daniele_IS_Thesis/data/processed/11_S004.h5
11,S004,157,problema,78,61,384,256,/Users/dani/Documents/Thesis_ImaSpe/Daniele_IS_Thesis/data/processed/11_S004.h5
11,S004,158,cosa,74,61,384,256,/Users/dani/Documents/Thesis_ImaSpe/Daniele_IS_Thesis/data/processed/11_S004.h5
11,S004,159,accendere,24,61,384,256,/Users/dani/Documents/Thesis_ImaSpe/Daniele_IS_Thesis/data/processed/11_S004.h5
11,S004,160,bere,23,61,384,256,/Users/dani/Documents/Thesis_ImaSpe/Daniele_IS_Thesis/data/processed/11_S004.h5
11,S004,161,molto,32,61,384,256,/Users/dani/Documents/Thesis_ImaSpe/Daniele_IS_Thesis/data/processed/11_S004.h5
11,S004,162,vecchio,73,61,384,256,/Users/dani/Documents/Thesis_ImaSpe/Daniele_IS_Thesis/data/processed/11_S004.h5
11,S004,163,volere,26,61,384,256,/Users/dani/Documents/Thesis_ImaSpe/Daniele_IS_Thesis/data/processed/11_S004.h5
11,S004,164,avanti,41,61,384,256,/Users/dani/Documents/Thesis_ImaSpe/Daniele_IS_Thesis/data/processed/11_S004.h5
11,S004,165,casa,77,61,384,256,/Users/dani/Documents/Thesis_ImaSpe/Daniele_IS_Thesis/data/processed/11_S004.h5
11,S004,166,domani,44,61,384,256,/Users/dani/Documents/Thesis_ImaSpe/Daniele_IS_Thesis/data/processed/11_S004.h5
11,S004,167,mettere,13,61,384,256,/Users/dani/Documents/Thesis_ImaSpe/Daniele_IS_Thesis/data/processed/11_S004.h5
11,S004,168,male,36,61,384,256,/Users/dani/Documents/Thesis_ImaSpe/Daniele_IS_Thesis/data/processed/11_S004.h5
11,S004,169,però,51,61,384,256,/Users/dani/Documents/Thesis_ImaSpe/Daniele_IS_Thesis/data/processed/11_S004.h5
11,S004,170,donna,86,61,384,256,/Users/dani/Documents/Thesis_ImaSpe/Daniele_IS_Thesis/data/processed/11_S004.h5
11,S004,171,aspettare,2,61,384,256,/Users/dani/Documents/Thesis_ImaSpe/Daniele_IS_Thesis/data/processed/11_S004.h5
11,S004,172,tristezza,103,61,384,256,/Users/dani/Documents/Thesis_ImaSpe/Daniele_IS_Thesis/data/processed/11_S004.h5
11,S004,173,dove,54,61,384,256,/Users/dani/Documents/Thesis_ImaSpe/Daniele_IS_Thesis/data/processed/11_S004.h5
11,S004,174,sotto,38,61,384,256,/Users/dani/Documents/Thesis_ImaSpe/Daniele_IS_Thesis/data/processed/11_S004.h5
11,S004,175,anche,49,61,384,256,/Users/dani/Documents/Thesis_ImaSpe/Daniele_IS_Thesis/data/processed/11_S004.h5
11,S004,176,capire,4,61,384,256,/Users/dani/Documents/Thesis_ImaSpe/Daniele_IS_Thesis/data/processed/11_S004.h5
11,S004,177,ieri,45,61,384,256,/Users/dani/Documents/Thesis_ImaSpe/Daniele_IS_Thesis/data/processed/11_S004.h5
11,S004,178,destra,39,61,384,256,/Users/dani/Documents/Thesis_ImaSpe/Daniele_IS_Thesis/data/processed/11_S004.h5
11,S004,179,dovere,10,61,384,256,/Users/dani/Documents/Thesis_ImaSpe/Daniele_IS_Thesis/data/processed/11_S004.h5
11,S004,180,se,55,61,384,256,/Users/dani/Documents/Thesis_ImaSpe/Daniele_IS_Thesis/data/processed/11_S004.h5
11,S004,181,domanda,96,61,384,256,/Users/dani/Documents/Thesis_ImaSpe/Daniele_IS_Thesis/data/processed/11_S004.h5
11,S004,182,ansia,100,61,384,256,/Users/dani/Documents/Thesis_ImaSpe/Daniele_IS_Thesis/data/processed/11_S004.h5
11,S004,183,grande,70,61,384,256,/Users/dani/Documents/Thesis_ImaSpe/Daniele_IS_Thesis/data/processed/11_S004.h5
11,S004,184,poi,35,61,384,256,/Users/dani/Documents/Thesis_ImaSpe/Daniele_IS_Thesis/data/processed/11_S004.h5
11,S004,185,dire,9,61,384,256,/Users/dani/Documents/Thesis_ImaSpe/Daniele_IS_Thesis/data/processed/11_S004.h5
11,S004,186,nuovo,72,61,384,256,/Users/dani/Documents/Thesis_ImaSpe/Daniele_IS_Thesis/data/processed/11_S004.h5
11,S004,187,aprire,20,61,384,256,/Users/dani/Documents/Thesis_ImaSpe/Daniele_IS_Thesis/data/processed/11_S004.h5
11,S004,188,sopra,37,61,384,256,/Users/dani/Documents/Thesis_ImaSpe/Daniele_IS_Thesis/data/processed/11_S004.h5
11,S004,189,bagno,107,61,384,256,/Users/dani/Documents/Thesis_ImaSpe/Daniele_IS_Thesis/data/processed/11_S004.h5
11,S004,190,tempo,80,61,384,256,/Users/dani/Documents/Thesis_ImaSpe/Daniele_IS_Thesis/data/processed/11_S004.h5
11,S004,191,lui,58,61,384,256,/Users/dani/Documents/Thesis_ImaSpe/Daniele_IS_Thesis/data/processed/11_S004.h5
11,S004,192,buono,66,61,384,256,/Users/dani/Documents/Thesis_ImaSpe/Daniele_IS_Thesis/data/processed/11_S004.h5
11,S004,193,avere,3,61,384,256,/Users/dani/Documents/Thesis_ImaSpe/Daniele_IS_Thesis/data/processed/11_S004.h5
11,S004,194,potere,14,61,384,256,/Users/dani/Documents/Thesis_ImaSpe/Daniele_IS_Thesis/data/processed/11_S004.h5
11,S004,195,poco,31,61,384,256,/Users/dani/Documents/Thesis_ImaSpe/Daniele_IS_Thesis/data/processed/11_S004.h5
11,S004,196,persona,82,61,384,256,/Users/dani/Documents/Thesis_ImaSpe/Daniele_IS_Thesis/data/processed/11_S004.h5
11,S004,197,sapere,16,61,384,256,/Users/dani/Documents/Thesis_ImaSpe/Daniele_IS_Thesis/data/processed/11_S004.h5
11,S004,198,gioia,101,61,384,256,/Users/dani/Documents/Thesis_ImaSpe/Daniele_IS_Thesis/data/processed/11_S004.h5
11,S004,199,gruppo,88,61,384,256,/Users/dani/Documents/Thesis_ImaSpe/Daniele_IS_Thesis/data/processed/11_S004.h5
11,S004,200,si,28,61,384,256,/Users/dani/Documents/Thesis_ImaSpe/Daniele_IS_Thesis/data/processed/11_S004.h5
11,S004,201,piccolo,71,61,384,256,/Users/dani/Documents/Thesis_ImaSpe/Daniele_IS_Thesis/data/processed/11_S004.h5
11,S004,202,mangiare,22,61,384,256,/Users/dani/Documents/Thesis_ImaSpe/Daniele_IS_Thesis/data/processed/11_S004.h5
11,S004,203,indietro,42,61,384,256,/Users/dani/Documents/Thesis_ImaSpe/Daniele_IS_Thesis/data/processed/11_S004.h5
11,S004,204,noi,60,61,384,256,/Users/dani/Documents/Thesis_ImaSpe/Daniele_IS_Thesis/data/processed/11_S004.h5
11,S004,205,macchina,91,61,384,256,/Users/dani/Documents/Thesis_ImaSpe/Daniele_IS_Thesis/data/processed/11_S004.h5
11,S004,206,felicità,102,61,384,256,/Users/dani/Documents/Thesis_ImaSpe/Daniele_IS_Thesis/data/processed/11_S004.h5
11,S004,207,adesso,34,61,384,256,/Users/dani/Documents/Thesis_ImaSpe/Daniele_IS_Thesis/data/processed/11_S004.h5
11,S004,208,perchè,48,61,384,256,/Users/dani/Documents/Thesis_ImaSpe/Daniele_IS_Thesis/data/processed/11_S004.h5
11,S004,209,amore,105,61,384,256,/Users/dani/Documents/Thesis_ImaSpe/Daniele_IS_Thesis/data/processed/11_S004.h5
11,S004,210,loro,62,61,384,256,/Users/dani/Documents/Thesis_ImaSpe/Daniele_IS_Thesis/data/processed/11_S004.h5
11,S004,211,paura,99,61,384,256,/Users/dani/Documents/Thesis_ImaSpe/Daniele_IS_Thesis/data/processed/11_S004.h5
11,S004,212,tu,63,61,384,256,/Users/dani/Documents/Thesis_ImaSpe/Daniele_IS_Thesis/data/processed/11_S004.h5
11,S004,213,cattivo,68,61,384,256,/Users/dani/Documents/Thesis_ImaSpe/Daniele_IS_Thesis/data/processed/11_S004.h5
11,S004,214,essere,11,61,384,256,/Users/dani/Documents/Thesis_ImaSpe/Daniele_IS_Thesis/data/processed/11_S004.h5
11,S004,215,quindi,52,61,384,256,/Users/dani/Documents/Thesis_ImaSpe/Daniele_IS_Thesis/data/processed/11_S004.h5
11,S004,216,morte,106,61,384,256,/Users/dani/Documents/Thesis_ImaSpe/Daniele_IS_Thesis/data/processed/11_S004.h5
11,S004,217,arrivare,0,61,384,256,/Users/dani/Documents/Thesis_ImaSpe/Daniele_IS_Thesis/data/processed/11_S004.h5
11,S004,218,fare,12,61,384,256,/Users/dani/Documents/Thesis_ImaSpe/Daniele_IS_Thesis/data/processed/11_S004.h5
11,S004,219,bene,27,61,384,256,/Users/dani/Documents/Thesis_ImaSpe/Daniele_IS_Thesis/data/processed/11_S004.h5
11,S005,0,io,57,61,384,256,/Users/dani/Documents/Thesis_ImaSpe/Daniele_IS_Thesis/data/processed/11_S005.h5
11,S005,1,fare,12,61,384,256,/Users/dani/Documents/Thesis_ImaSpe/Daniele_IS_Thesis/data/processed/11_S005.h5
11,S005,2,arrivare,0,61,384,256,/Users/dani/Documents/Thesis_ImaSpe/Daniele_IS_Thesis/data/processed/11_S005.h5
11,S005,3,domanda,96,61,384,256,/Users/dani/Documents/Thesis_ImaSpe/Daniele_IS_Thesis/data/processed/11_S005.h5
11,S005,4,problema,78,61,384,256,/Users/dani/Documents/Thesis_ImaSpe/Daniele_IS_Thesis/data/processed/11_S005.h5
11,S005,5,molto,32,61,384,256,/Users/dani/Documents/Thesis_ImaSpe/Daniele_IS_Thesis/data/processed/11_S005.h5
11,S005,6,vecchio,73,61,384,256,/Users/dani/Documents/Thesis_ImaSpe/Daniele_IS_Thesis/data/processed/11_S005.h5
11,S005,7,oggetto,93,61,384,256,/Users/dani/Documents/Thesis_ImaSpe/Daniele_IS_Thesis/data/processed/11_S005.h5
11,S005,8,aprire,20,61,384,256,/Users/dani/Documents/Thesis_ImaSpe/Daniele_IS_Thesis/data/processed/11_S005.h5
11,S005,9,riposo,109,61,384,256,/Users/dani/Documents/Thesis_ImaSpe/Daniele_IS_Thesis/data/processed/11_S005.h5
11,S005,10,bisogno,85,61,384,256,/Users/dani/Documents/Thesis_ImaSpe/Daniele_IS_Thesis/data/processed/11_S005.h5
11,S005,11,noi,60,61,384,256,/Users/dani/Documents/Thesis_ImaSpe/Daniele_IS_Thesis/data/processed/11_S005.h5
11,S005,12,accendere,24,61,384,256,/Users/dani/Documents/Thesis_ImaSpe/Daniele_IS_Thesis/data/processed/11_S005.h5
11,S005,13,bagno,107,61,384,256,/Users/dani/Documents/Thesis_ImaSpe/Daniele_IS_Thesis/data/processed/11_S005.h5
11,S005,14,casa,77,61,384,256,/Users/dani/Documents/Thesis_ImaSpe/Daniele_IS_Thesis/data/processed/11_S005.h5
11,S005,15,guerra,89,61,384,256,/Users/dani/Documents/Thesis_ImaSpe/Daniele_IS_Thesis/data/processed/11_S005.h5
11,S005,16,poco,31,61,384,256,/Users/dani/Documents/Thesis_ImaSpe/Daniele_IS_Thesis/data/processed/11_S005.h5
11,S005,17,no,29,61,384,256,/Users/dani/Documents/Thesis_ImaSpe/Daniele_IS_Thesis/data/processed/11_S005.h5
11,S005,18,computer,95,61,384,256,/Users/dani/Documents/Thesis_ImaSpe/Daniele_IS_Thesis/data/processed/11_S005.h5
11,S005,19,lei,59,61,384,256,/Users/dani/Documents/Thesis_ImaSpe/Daniele_IS_Thesis/data/processed/11_S005.h5
11,S005,20,parte,75,61,384,256,/Users/dani/Documents/Thesis_ImaSpe/Daniele_IS_Thesis/data/processed/11_S005.h5
11,S005,21,potere,14,61,384,256,/Users/dani/Documents/Thesis_ImaSpe/Daniele_IS_Thesis/data/processed/11_S005.h5
11,S005,22,uomo,87,61,384,256,/Users/dani/Documents/Thesis_ImaSpe/Daniele_IS_Thesis/data/processed/11_S005.h5
11,S005,23,idea,90,61,384,256,/Users/dani/Documents/Thesis_ImaSpe/Daniele_IS_Thesis/data/processed/11_S005.h5
11,S005,24,forse,46,61,384,256,/Users/dani/Documents/Thesis_ImaSpe/Daniele_IS_Thesis/data/processed/11_S005.h5
11,S005,25,grande,70,61,384,256,/Users/dani/Documents/Thesis_ImaSpe/Daniele_IS_Thesis/data/processed/11_S005.h5
11,S005,26,bene,27,61,384,256,/Users/dani/Documents/Thesis_ImaSpe/Daniele_IS_Thesis/data/processed/11_S005.h5
11,S005,27,domani,44,61,384,256,/Users/dani/Documents/Thesis_ImaSpe/Daniele_IS_Thesis/data/processed/11_S005.h5
11,S005,28,tristezza,103,61,384,256,/Users/dani/Documents/Thesis_ImaSpe/Daniele_IS_Thesis/data/processed/11_S005.h5
11,S005,29,trovare,18,61,384,256,/Users/dani/Documents/Thesis_ImaSpe/Daniele_IS_Thesis/data/processed/11_S005.h5
11,S005,30,mettere,13,61,384,256,/Users/dani/Documents/Thesis_ImaSpe/Daniele_IS_Thesis/data/processed/11_S005.h5
11,S005,31,dire,9,61,384,256,/Users/dani/Documents/Thesis_ImaSpe/Daniele_IS_Thesis/data/processed/11_S005.h5
11,S005,32,ansia,100,61,384,256,/Users/dani/Documents/Thesis_ImaSpe/Daniele_IS_Thesis/data/processed/11_S005.h5
11,S005,33,anche,49,61,384,256,/Users/dani/Documents/Thesis_ImaSpe/Daniele_IS_Thesis/data/processed/11_S005.h5
11,S005,34,spegnere,25,61,384,256,/Users/dani/Documents/Thesis_ImaSpe/Daniele_IS_Thesis/data/processed/11_S005.h5
11,S005,35,volere,26,61,384,256,/Users/dani/Documents/Thesis_ImaSpe/Daniele_IS_Thesis/data/processed/11_S005.h5
11,S005,36,paura,99,61,384,256,/Users/dani/Documents/Thesis_ImaSpe/Daniele_IS_Thesis/data/processed/11_S005.h5
11,S005,37,sinistra,40,61,384,256,/Users/dani/Documents/Thesis_ImaSpe/Daniele_IS_Thesis/data/processed/11_S005.h5
11,S005,38,brutto,69,61,384,256,/Users/dani/Documents/Thesis_ImaSpe/Daniele_IS_Thesis/data/processed/11_S005.h5
11,S005,39,uno,97,61,384,256,/Users/dani/Documents/Thesis_ImaSpe/Daniele_IS_Thesis/data/processed/11_S005.h5
11,S005,40,sotto,38,61,384,256,/Users/dani/Documents/Thesis_ImaSpe/Daniele_IS_Thesis/data/processed/11_S005.h5
11,S005,41,chiamare,5,61,384,256,/Users/dani/Documents/Thesis_ImaSpe/Daniele_IS_Thesis/data/processed/11_S005.h5
11,S005,42,però,51,61,384,256,/Users/dani/Documents/Thesis_ImaSpe/Daniele_IS_Thesis/data/processed/11_S005.h5
11,S005,43,dare,8,61,384,256,/Users/dani/Documents/Thesis_ImaSpe/Daniele_IS_Thesis/data/processed/11_S005.h5
11,S005,44,anno,76,61,384,256,/Users/dani/Documents/Thesis_ImaSpe/Daniele_IS_Thesis/data/processed/11_S005.h5
11,S005,45,mille,98,61,384,256,/Users/dani/Documents/Thesis_ImaSpe/Daniele_IS_Thesis/data/processed/11_S005.h5
11,S005,46,come,50,61,384,256,/Users/dani/Documents/Thesis_ImaSpe/Daniele_IS_Thesis/data/processed/11_S005.h5
11,S005,47,capire,4,61,384,256,/Users/dani/Documents/Thesis_ImaSpe/Daniele_IS_Thesis/data/processed/11_S005.h5
11,S005,48,cattivo,68,61,384,256,/Users/dani/Documents/Thesis_ImaSpe/Daniele_IS_Thesis/data/processed/11_S005.h5
11,S005,49,morte,106,61,384,256,/Users/dani/Documents/Thesis_ImaSpe/Daniele_IS_Thesis/data/processed/11_S005.h5
11,S005,50,dolore,108,61,384,256,/Users/dani/Documents/Thesis_ImaSpe/Daniele_IS_Thesis/data/processed/11_S005.h5
11,S005,51,andare,1,61,384,256,/Users/dani/Documents/Thesis_ImaSpe/Daniele_IS_Thesis/data/processed/11_S005.h5
11,S005,52,donna,86,61,384,256,/Users/dani/Documents/Thesis_ImaSpe/Daniele_IS_Thesis/data/processed/11_S005.h5
11,S005,53,venire,19,61,384,256,/Users/dani/Documents/Thesis_ImaSpe/Daniele_IS_Thesis/data/processed/11_S005.h5
11,S005,54,lui,58,61,384,256,/Users/dani/Documents/Thesis_ImaSpe/Daniele_IS_Thesis/data/processed/11_S005.h5
11,S005,55,cibo,84,61,384,256,/Users/dani/Documents/Thesis_ImaSpe/Daniele_IS_Thesis/data/processed/11_S005.h5
11,S005,56,oggi,43,61,384,256,/Users/dani/Documents/Thesis_ImaSpe/Daniele_IS_Thesis/data/processed/11_S005.h5
11,S005,57,sempre,33,61,384,256,/Users/dani/Documents/Thesis_ImaSpe/Daniele_IS_Thesis/data/processed/11_S005.h5
11,S005,58,adesso,34,61,384,256,/Users/dani/Documents/Thesis_ImaSpe/Daniele_IS_Thesis/data/processed/11_S005.h5
11,S005,59,sentire,17,61,384,256,/Users/dani/Documents/Thesis_ImaSpe/Daniele_IS_Thesis/data/processed/11_S005.h5
11,S005,60,aspettare,2,61,384,256,/Users/dani/Documents/Thesis_ImaSpe/Daniele_IS_Thesis/data/processed/11_S005.h5
11,S005,61,avanti,41,61,384,256,/Users/dani/Documents/Thesis_ImaSpe/Daniele_IS_Thesis/data/processed/11_S005.h5
11,S005,62,dove,54,61,384,256,/Users/dani/Documents/Thesis_ImaSpe/Daniele_IS_Thesis/data/processed/11_S005.h5
11,S005,63,più,30,61,384,256,/Users/dani/Documents/Thesis_ImaSpe/Daniele_IS_Thesis/data/processed/11_S005.h5
11,S005,64,prima,47,61,384,256,/Users/dani/Documents/Thesis_ImaSpe/Daniele_IS_Thesis/data/processed/11_S005.h5
11,S005,65,sapere,16,61,384,256,/Users/dani/Documents/Thesis_ImaSpe/Daniele_IS_Thesis/data/processed/11_S005.h5
11,S005,66,telefono,94,61,384,256,/Users/dani/Documents/Thesis_ImaSpe/Daniele_IS_Thesis/data/processed/11_S005.h5
11,S005,67,bere,23,61,384,256,/Users/dani/Documents/Thesis_ImaSpe/Daniele_IS_Thesis/data/processed/11_S005.h5
11,S005,68,serenità,104,61,384,256,/Users/dani/Documents/Thesis_ImaSpe/Daniele_IS_Thesis/data/processed/11_S005.h5
11,S005,69,poi,35,61,384,256,/Users/dani/Documents/Thesis_ImaSpe/Daniele_IS_Thesis/data/processed/11_S005.h5
11,S005,70,aiuto,79,61,384,256,/Users/dani/Documents/Thesis_ImaSpe/Daniele_IS_Thesis/data/processed/11_S005.h5
11,S005,71,indietro,42,61,384,256,/Users/dani/Documents/Thesis_ImaSpe/Daniele_IS_Thesis/data/processed/11_S005.h5
11,S005,72,questo,64,61,384,256,/Users/dani/Documents/Thesis_ImaSpe/Daniele_IS_Thesis/data/processed/11_S005.h5
11,S005,73,piccolo,71,61,384,256,/Users/dani/Documents/Thesis_ImaSpe/Daniele_IS_Thesis/data/processed/11_S005.h5
11,S005,74,ieri,45,61,384,256,/Users/dani/Documents/Thesis_ImaSpe/Daniele_IS_Thesis/data/processed/11_S005.h5
11,S005,75,felicità,102,61,384,256,/Users/dani/Documents/Thesis_ImaSpe/Daniele_IS_Thesis/data/processed/11_S005.h5
11,S005,76,perchè,48,61,384,256,/Users/dani/Documents/Thesis_ImaSpe/Daniele_IS_Thesis/data/processed/11_S005.h5
11,S005,77,gruppo,88,61,384,256,/Users/dani/Documents/Thesis_ImaSpe/Daniele_IS_Thesis/data/processed/11_S005.h5
11,S005,78,acqua,83,61,384,256,/Users/dani/Documents/Thesis_ImaSpe/Daniele_IS_Thesis/data/processed/11_S005.h5
11,S005,79,prendere,15,61,384,256,/Users/dani/Documents/Thesis_ImaSpe/Daniele_IS_Thesis/data/processed/11_S005.h5
11,S005,80,quindi,52,61,384,256,/Users/dani/Documents/Thesis_ImaSpe/Daniele_IS_Thesis/data/processed/11_S005.h5
11,S005,81,oppure,56,61,384,256,/Users/dani/Documents/Thesis_ImaSpe/Daniele_IS_Thesis/data/processed/11_S005.h5
11,S005,82,quello,65,61,384,256,/Users/dani/Documents/Thesis_ImaSpe/Daniele_IS_Thesis/data/processed/11_S005.h5
11,S005,83,amore,105,61,384,256,/Users/dani/Documents/Thesis_ImaSpe/Daniele_IS_Thesis/data/processed/11_S005.h5
11,S005,84,loro,62,61,384,256,/Users/dani/Documents/Thesis_ImaSpe/Daniele_IS_Thesis/data/processed/11_S005.h5
11,S005,85,tempo,80,61,384,256,/Users/dani/Documents/Thesis_ImaSpe/Daniele_IS_Thesis/data/processed/11_S005.h5
11,S005,86,tu,63,61,384,256,/Users/dani/Documents/Thesis_ImaSpe/Daniele_IS_Thesis/data/processed/11_S005.h5
11,S005,87,destra,39,61,384,256,/Users/dani/Documents/Thesis_ImaSpe/Daniele_IS_Thesis/data/processed/11_S005.h5
11,S005,88,persona,82,61,384,256,/Users/dani/Documents/Thesis_ImaSpe/Daniele_IS_Thesis/data/processed/11_S005.h5
11,S005,89,dovere,10,61,384,256,/Users/dani/Documents/Thesis_ImaSpe/Daniele_IS_Thesis/data/processed/11_S005.h5
11,S005,90,voi,61,61,384,256,/Users/dani/Documents/Thesis_ImaSpe/Daniele_IS_Thesis/data/processed/11_S005.h5
11,S005,91,bello,67,61,384,256,/Users/dani/Documents/Thesis_ImaSpe/Daniele_IS_Thesis/data/processed/11_S005.h5
11,S005,92,essere,11,61,384,256,/Users/dani/Documents/Thesis_ImaSpe/Daniele_IS_Thesis/data/processed/11_S005.h5
11,S005,93,male,36,61,384,256,/Users/dani/Documents/Thesis_ImaSpe/Daniele_IS_Thesis/data/processed/11_S005.h5
11,S005,94,si,28,61,384,256,/Users/dani/Documents/Thesis_ImaSpe/Daniele_IS_Thesis/data/processed/11_S005.h5
11,S005,95,buono,66,61,384,256,/Users/dani/Documents/Thesis_ImaSpe/Daniele_IS_Thesis/data/processed/11_S005.h5
11,S005,96,mano,92,61,384,256,/Users/dani/Documents/Thesis_ImaSpe/Daniele_IS_Thesis/data/processed/11_S005.h5
11,S005,97,chiudere,21,61,384,256,/Users/dani/Documents/Thesis_ImaSpe/Daniele_IS_Thesis/data/processed/11_S005.h5
11,S005,98,lavoro,81,61,384,256,/Users/dani/Documents/Thesis_ImaSpe/Daniele_IS_Thesis/data/processed/11_S005.h5
11,S005,99,macchina,91,61,384,256,/Users/dani/Documents/Thesis_ImaSpe/Daniele_IS_Thesis/data/processed/11_S005.h5
11,S005,100,conoscere,7,61,384,256,/Users/dani/Documents/Thesis_ImaSpe/Daniele_IS_Thesis/data/processed/11_S005.h5
11,S005,101,sopra,37,61,384,256,/Users/dani/Documents/Thesis_ImaSpe/Daniele_IS_Thesis/data/processed/11_S005.h5
11,S005,102,chiedere,6,61,384,256,/Users/dani/Documents/Thesis_ImaSpe/Daniele_IS_Thesis/data/processed/11_S005.h5
11,S005,103,se,55,61,384,256,/Users/dani/Documents/Thesis_ImaSpe/Daniele_IS_Thesis/data/processed/11_S005.h5
11,S005,104,gioia,101,61,384,256,/Users/dani/Documents/Thesis_ImaSpe/Daniele_IS_Thesis/data/processed/11_S005.h5
11,S005,105,avere,3,61,384,256,/Users/dani/Documents/Thesis_ImaSpe/Daniele_IS_Thesis/data/processed/11_S005.h5
11,S005,106,mangiare,22,61,384,256,/Users/dani/Documents/Thesis_ImaSpe/Daniele_IS_Thesis/data/processed/11_S005.h5
11,S005,107,cosa,74,61,384,256,/Users/dani/Documents/Thesis_ImaSpe/Daniele_IS_Thesis/data/processed/11_S005.h5
11,S005,108,nuovo,72,61,384,256,/Users/dani/Documents/Thesis_ImaSpe/Daniele_IS_Thesis/data/processed/11_S005.h5
11,S005,109,quando,53,61,384,256,/Users/dani/Documents/Thesis_ImaSpe/Daniele_IS_Thesis/data/processed/11_S005.h5
11,S005,110,io,57,61,384,256,/Users/dani/Documents/Thesis_ImaSpe/Daniele_IS_Thesis/data/processed/11_S005.h5
11,S005,111,fare,12,61,384,256,/Users/dani/Documents/Thesis_ImaSpe/Daniele_IS_Thesis/data/processed/11_S005.h5
11,S005,112,arrivare,0,61,384,256,/Users/dani/Documents/Thesis_ImaSpe/Daniele_IS_Thesis/data/processed/11_S005.h5
11,S005,113,domanda,96,61,384,256,/Users/dani/Documents/Thesis_ImaSpe/Daniele_IS_Thesis/data/processed/11_S005.h5
11,S005,114,problema,78,61,384,256,/Users/dani/Documents/Thesis_ImaSpe/Daniele_IS_Thesis/data/processed/11_S005.h5
11,S005,115,molto,32,61,384,256,/Users/dani/Documents/Thesis_ImaSpe/Daniele_IS_Thesis/data/processed/11_S005.h5
11,S005,116,vecchio,73,61,384,256,/Users/dani/Documents/Thesis_ImaSpe/Daniele_IS_Thesis/data/processed/11_S005.h5
11,S005,117,oggetto,93,61,384,256,/Users/dani/Documents/Thesis_ImaSpe/Daniele_IS_Thesis/data/processed/11_S005.h5
11,S005,118,aprire,20,61,384,256,/Users/dani/Documents/Thesis_ImaSpe/Daniele_IS_Thesis/data/processed/11_S005.h5
11,S005,119,riposo,109,61,384,256,/Users/dani/Documents/Thesis_ImaSpe/Daniele_IS_Thesis/data/processed/11_S005.h5
11,S005,120,bisogno,85,61,384,256,/Users/dani/Documents/Thesis_ImaSpe/Daniele_IS_Thesis/data/processed/11_S005.h5
11,S005,121,noi,60,61,384,256,/Users/dani/Documents/Thesis_ImaSpe/Daniele_IS_Thesis/data/processed/11_S005.h5
11,S005,122,accendere,24,61,384,256,/Users/dani/Documents/Thesis_ImaSpe/Daniele_IS_Thesis/data/processed/11_S005.h5
11,S005,123,bagno,107,61,384,256,/Users/dani/Documents/Thesis_ImaSpe/Daniele_IS_Thesis/data/processed/11_S005.h5
11,S005,124,casa,77,61,384,256,/Users/dani/Documents/Thesis_ImaSpe/Daniele_IS_Thesis/data/processed/11_S005.h5
11,S005,125,guerra,89,61,384,256,/Users/dani/Documents/Thesis_ImaSpe/Daniele_IS_Thesis/data/processed/11_S005.h5
11,S005,126,poco,31,61,384,256,/Users/dani/Documents/Thesis_ImaSpe/Daniele_IS_Thesis/data/processed/11_S005.h5
11,S005,127,no,29,61,384,256,/Users/dani/Documents/Thesis_ImaSpe/Daniele_IS_Thesis/data/processed/11_S005.h5
11,S005,128,computer,95,61,384,256,/Users/dani/Documents/Thesis_ImaSpe/Daniele_IS_Thesis/data/processed/11_S005.h5
11,S005,129,lei,59,61,384,256,/Users/dani/Documents/Thesis_ImaSpe/Daniele_IS_Thesis/data/processed/11_S005.h5
11,S005,130,parte,75,61,384,256,/Users/dani/Documents/Thesis_ImaSpe/Daniele_IS_Thesis/data/processed/11_S005.h5
11,S005,131,potere,14,61,384,256,/Users/dani/Documents/Thesis_ImaSpe/Daniele_IS_Thesis/data/processed/11_S005.h5
11,S005,132,uomo,87,61,384,256,/Users/dani/Documents/Thesis_ImaSpe/Daniele_IS_Thesis/data/processed/11_S005.h5
11,S005,133,idea,90,61,384,256,/Users/dani/Documents/Thesis_ImaSpe/Daniele_IS_Thesis/data/processed/11_S005.h5
11,S005,134,forse,46,61,384,256,/Users/dani/Documents/Thesis_ImaSpe/Daniele_IS_Thesis/data/processed/11_S005.h5
11,S005,135,grande,70,61,384,256,/Users/dani/Documents/Thesis_ImaSpe/Daniele_IS_Thesis/data/processed/11_S005.h5
11,S005,136,bene,27,61,384,256,/Users/dani/Documents/Thesis_ImaSpe/Daniele_IS_Thesis/data/processed/11_S005.h5
11,S005,137,domani,44,61,384,256,/Users/dani/Documents/Thesis_ImaSpe/Daniele_IS_Thesis/data/processed/11_S005.h5
11,S005,138,tristezza,103,61,384,256,/Users/dani/Documents/Thesis_ImaSpe/Daniele_IS_Thesis/data/processed/11_S005.h5
11,S005,139,trovare,18,61,384,256,/Users/dani/Documents/Thesis_ImaSpe/Daniele_IS_Thesis/data/processed/11_S005.h5
11,S005,140,mettere,13,61,384,256,/Users/dani/Documents/Thesis_ImaSpe/Daniele_IS_Thesis/data/processed/11_S005.h5
11,S005,141,dire,9,61,384,256,/Users/dani/Documents/Thesis_ImaSpe/Daniele_IS_Thesis/data/processed/11_S005.h5
11,S005,142,ansia,100,61,384,256,/Users/dani/Documents/Thesis_ImaSpe/Daniele_IS_Thesis/data/processed/11_S005.h5
11,S005,143,anche,49,61,384,256,/Users/dani/Documents/Thesis_ImaSpe/Daniele_IS_Thesis/data/processed/11_S005.h5
11,S005,144,spegnere,25,61,384,256,/Users/dani/Documents/Thesis_ImaSpe/Daniele_IS_Thesis/data/processed/11_S005.h5
11,S005,145,volere,26,61,384,256,/Users/dani/Documents/Thesis_ImaSpe/Daniele_IS_Thesis/data/processed/11_S005.h5
11,S005,146,paura,99,61,384,256,/Users/dani/Documents/Thesis_ImaSpe/Daniele_IS_Thesis/data/processed/11_S005.h5
11,S005,147,sinistra,40,61,384,256,/Users/dani/Documents/Thesis_ImaSpe/Daniele_IS_Thesis/data/processed/11_S005.h5
11,S005,148,brutto,69,61,384,256,/Users/dani/Documents/Thesis_ImaSpe/Daniele_IS_Thesis/data/processed/11_S005.h5
11,S005,149,uno,97,61,384,256,/Users/dani/Documents/Thesis_ImaSpe/Daniele_IS_Thesis/data/processed/11_S005.h5
11,S005,150,sotto,38,61,384,256,/Users/dani/Documents/Thesis_ImaSpe/Daniele_IS_Thesis/data/processed/11_S005.h5
11,S005,151,chiamare,5,61,384,256,/Users/dani/Documents/Thesis_ImaSpe/Daniele_IS_Thesis/data/processed/11_S005.h5
11,S005,152,però,51,61,384,256,/Users/dani/Documents/Thesis_ImaSpe/Daniele_IS_Thesis/data/processed/11_S005.h5
11,S005,153,dare,8,61,384,256,/Users/dani/Documents/Thesis_ImaSpe/Daniele_IS_Thesis/data/processed/11_S005.h5
11,S005,154,anno,76,61,384,256,/Users/dani/Documents/Thesis_ImaSpe/Daniele_IS_Thesis/data/processed/11_S005.h5
11,S005,155,mille,98,61,384,256,/Users/dani/Documents/Thesis_ImaSpe/Daniele_IS_Thesis/data/processed/11_S005.h5
11,S005,156,come,50,61,384,256,/Users/dani/Documents/Thesis_ImaSpe/Daniele_IS_Thesis/data/processed/11_S005.h5
11,S005,157,capire,4,61,384,256,/Users/dani/Documents/Thesis_ImaSpe/Daniele_IS_Thesis/data/processed/11_S005.h5
11,S005,158,cattivo,68,61,384,256,/Users/dani/Documents/Thesis_ImaSpe/Daniele_IS_Thesis/data/processed/11_S005.h5
11,S005,159,morte,106,61,384,256,/Users/dani/Documents/Thesis_ImaSpe/Daniele_IS_Thesis/data/processed/11_S005.h5
11,S005,160,dolore,108,61,384,256,/Users/dani/Documents/Thesis_ImaSpe/Daniele_IS_Thesis/data/processed/11_S005.h5
11,S005,161,andare,1,61,384,256,/Users/dani/Documents/Thesis_ImaSpe/Daniele_IS_Thesis/data/processed/11_S005.h5
11,S005,162,donna,86,61,384,256,/Users/dani/Documents/Thesis_ImaSpe/Daniele_IS_Thesis/data/processed/11_S005.h5
11,S005,163,venire,19,61,384,256,/Users/dani/Documents/Thesis_ImaSpe/Daniele_IS_Thesis/data/processed/11_S005.h5
11,S005,164,lui,58,61,384,256,/Users/dani/Documents/Thesis_ImaSpe/Daniele_IS_Thesis/data/processed/11_S005.h5
11,S005,165,cibo,84,61,384,256,/Users/dani/Documents/Thesis_ImaSpe/Daniele_IS_Thesis/data/processed/11_S005.h5
11,S005,166,oggi,43,61,384,256,/Users/dani/Documents/Thesis_ImaSpe/Daniele_IS_Thesis/data/processed/11_S005.h5
11,S005,167,sempre,33,61,384,256,/Users/dani/Documents/Thesis_ImaSpe/Daniele_IS_Thesis/data/processed/11_S005.h5
11,S005,168,adesso,34,61,384,256,/Users/dani/Documents/Thesis_ImaSpe/Daniele_IS_Thesis/data/processed/11_S005.h5
11,S005,169,sentire,17,61,384,256,/Users/dani/Documents/Thesis_ImaSpe/Daniele_IS_Thesis/data/processed/11_S005.h5
11,S005,170,aspettare,2,61,384,256,/Users/dani/Documents/Thesis_ImaSpe/Daniele_IS_Thesis/data/processed/11_S005.h5
11,S005,171,avanti,41,61,384,256,/Users/dani/Documents/Thesis_ImaSpe/Daniele_IS_Thesis/data/processed/11_S005.h5
11,S005,172,dove,54,61,384,256,/Users/dani/Documents/Thesis_ImaSpe/Daniele_IS_Thesis/data/processed/11_S005.h5
11,S005,173,più,30,61,384,256,/Users/dani/Documents/Thesis_ImaSpe/Daniele_IS_Thesis/data/processed/11_S005.h5
11,S005,174,prima,47,61,384,256,/Users/dani/Documents/Thesis_ImaSpe/Daniele_IS_Thesis/data/processed/11_S005.h5
11,S005,175,sapere,16,61,384,256,/Users/dani/Documents/Thesis_ImaSpe/Daniele_IS_Thesis/data/processed/11_S005.h5
11,S005,176,telefono,94,61,384,256,/Users/dani/Documents/Thesis_ImaSpe/Daniele_IS_Thesis/data/processed/11_S005.h5
11,S005,177,bere,23,61,384,256,/Users/dani/Documents/Thesis_ImaSpe/Daniele_IS_Thesis/data/processed/11_S005.h5
11,S005,178,serenità,104,61,384,256,/Users/dani/Documents/Thesis_ImaSpe/Daniele_IS_Thesis/data/processed/11_S005.h5
11,S005,179,poi,35,61,384,256,/Users/dani/Documents/Thesis_ImaSpe/Daniele_IS_Thesis/data/processed/11_S005.h5
11,S005,180,aiuto,79,61,384,256,/Users/dani/Documents/Thesis_ImaSpe/Daniele_IS_Thesis/data/processed/11_S005.h5
11,S005,181,indietro,42,61,384,256,/Users/dani/Documents/Thesis_ImaSpe/Daniele_IS_Thesis/data/processed/11_S005.h5
11,S005,182,questo,64,61,384,256,/Users/dani/Documents/Thesis_ImaSpe/Daniele_IS_Thesis/data/processed/11_S005.h5
11,S005,183,piccolo,71,61,384,256,/Users/dani/Documents/Thesis_ImaSpe/Daniele_IS_Thesis/data/processed/11_S005.h5
11,S005,184,ieri,45,61,384,256,/Users/dani/Documents/Thesis_ImaSpe/Daniele_IS_Thesis/data/processed/11_S005.h5
11,S005,185,felicità,102,61,384,256,/Users/dani/Documents/Thesis_ImaSpe/Daniele_IS_Thesis/data/processed/11_S005.h5
11,S005,186,perchè,48,61,384,256,/Users/dani/Documents/Thesis_ImaSpe/Daniele_IS_Thesis/data/processed/11_S005.h5
11,S005,187,gruppo,88,61,384,256,/Users/dani/Documents/Thesis_ImaSpe/Daniele_IS_Thesis/data/processed/11_S005.h5
11,S005,188,acqua,83,61,384,256,/Users/dani/Documents/Thesis_ImaSpe/Daniele_IS_Thesis/data/processed/11_S005.h5
11,S005,189,prendere,15,61,384,256,/Users/dani/Documents/Thesis_ImaSpe/Daniele_IS_Thesis/data/processed/11_S005.h5
11,S005,190,quindi,52,61,384,256,/Users/dani/Documents/Thesis_ImaSpe/Daniele_IS_Thesis/data/processed/11_S005.h5
11,S005,191,oppure,56,61,384,256,/Users/dani/Documents/Thesis_ImaSpe/Daniele_IS_Thesis/data/processed/11_S005.h5
11,S005,192,quello,65,61,384,256,/Users/dani/Documents/Thesis_ImaSpe/Daniele_IS_Thesis/data/processed/11_S005.h5
11,S005,193,amore,105,61,384,256,/Users/dani/Documents/Thesis_ImaSpe/Daniele_IS_Thesis/data/processed/11_S005.h5
11,S005,194,loro,62,61,384,256,/Users/dani/Documents/Thesis_ImaSpe/Daniele_IS_Thesis/data/processed/11_S005.h5
11,S005,195,tempo,80,61,384,256,/Users/dani/Documents/Thesis_ImaSpe/Daniele_IS_Thesis/data/processed/11_S005.h5
11,S005,196,tu,63,61,384,256,/Users/dani/Documents/Thesis_ImaSpe/Daniele_IS_Thesis/data/processed/11_S005.h5
11,S005,197,destra,39,61,384,256,/Users/dani/Documents/Thesis_ImaSpe/Daniele_IS_Thesis/data/processed/11_S005.h5
11,S005,198,persona,82,61,384,256,/Users/dani/Documents/Thesis_ImaSpe/Daniele_IS_Thesis/data/processed/11_S005.h5
11,S005,199,dovere,10,61,384,256,/Users/dani/Documents/Thesis_ImaSpe/Daniele_IS_Thesis/data/processed/11_S005.h5
11,S005,200,voi,61,61,384,256,/Users/dani/Documents/Thesis_ImaSpe/Daniele_IS_Thesis/data/processed/11_S005.h5
11,S005,201,bello,67,61,384,256,/Users/dani/Documents/Thesis_ImaSpe/Daniele_IS_Thesis/data/processed/11_S005.h5
11,S005,202,essere,11,61,384,256,/Users/dani/Documents/Thesis_ImaSpe/Daniele_IS_Thesis/data/processed/11_S005.h5
11,S005,203,male,36,61,384,256,/Users/dani/Documents/Thesis_ImaSpe/Daniele_IS_Thesis/data/processed/11_S005.h5
11,S005,204,si,28,61,384,256,/Users/dani/Documents/Thesis_ImaSpe/Daniele_IS_Thesis/data/processed/11_S005.h5
11,S005,205,buono,66,61,384,256,/Users/dani/Documents/Thesis_ImaSpe/Daniele_IS_Thesis/data/processed/11_S005.h5
11,S005,206,mano,92,61,384,256,/Users/dani/Documents/Thesis_ImaSpe/Daniele_IS_Thesis/data/processed/11_S005.h5
11,S005,207,chiudere,21,61,384,256,/Users/dani/Documents/Thesis_ImaSpe/Daniele_IS_Thesis/data/processed/11_S005.h5
11,S005,208,lavoro,81,61,384,256,/Users/dani/Documents/Thesis_ImaSpe/Daniele_IS_Thesis/data/processed/11_S005.h5
11,S005,209,macchina,91,61,384,256,/Users/dani/Documents/Thesis_ImaSpe/Daniele_IS_Thesis/data/processed/11_S005.h5
11,S005,210,conoscere,7,61,384,256,/Users/dani/Documents/Thesis_ImaSpe/Daniele_IS_Thesis/data/processed/11_S005.h5
11,S005,211,sopra,37,61,384,256,/Users/dani/Documents/Thesis_ImaSpe/Daniele_IS_Thesis/data/processed/11_S005.h5
11,S005,212,chiedere,6,61,384,256,/Users/dani/Documents/Thesis_ImaSpe/Daniele_IS_Thesis/data/processed/11_S005.h5
11,S005,213,se,55,61,384,256,/Users/dani/Documents/Thesis_ImaSpe/Daniele_IS_Thesis/data/processed/11_S005.h5
11,S005,214,gioia,101,61,384,256,/Users/dani/Documents/Thesis_ImaSpe/Daniele_IS_Thesis/data/processed/11_S005.h5
11,S005,215,avere,3,61,384,256,/Users/dani/Documents/Thesis_ImaSpe/Daniele_IS_Thesis/data/processed/11_S005.h5
11,S005,216,mangiare,22,61,384,256,/Users/dani/Documents/Thesis_ImaSpe/Daniele_IS_Thesis/data/processed/11_S005.h5
11,S005,217,cosa,74,61,384,256,/Users/dani/Documents/Thesis_ImaSpe/Daniele_IS_Thesis/data/processed/11_S005.h5
11,S005,218,nuovo,72,61,384,256,/Users/dani/Documents/Thesis_ImaSpe/Daniele_IS_Thesis/data/processed/11_S005.h5
11,S005,219,quando,53,61,384,256,/Users/dani/Documents/Thesis_ImaSpe/Daniele_IS_Thesis/data/processed/11_S005.h5
